6.861469745635986328e+00,6.891867637634277344e+00,6.898647308349609375e+00,6.882794380187988281e+00,-5.439919829368591309e-01,-1.448976993560791016e-01,6.865672588348388672e+00
6.942156791687011719e+00,6.907239913940429688e+00,6.861469268798828125e+00,6.908553123474121094e+00,-2.458325326442718506e-01,6.347646117210388184e-01,6.900591850280761719e+00
6.848849773406982422e+00,6.876604557037353516e+00,6.852869510650634766e+00,6.937092304229736328e+00,2.176123857498168945e-01,1.719226598739624023e+00,6.898236751556396484e+00
6.884730815887451172e+00,6.870067596435546875e+00,6.856902599334716797e+00,6.858716487884521484e+00,-5.353983491659164429e-02,1.166013836860656738e+00,6.860962390899658203e+00
6.970244407653808594e+00,6.970691680908203125e+00,6.940930843353271484e+00,6.912954807281494141e+00,-2.487452924251556396e-01,7.955535054206848145e-01,6.988788127899169922e+00
6.846539974212646484e+00,6.932851791381835938e+00,6.858341217041015625e+00,6.885529518127441406e+00,-1.418978571891784668e-01,9.602349996566772461e-01,6.880439758300781250e+00
6.866551876068115234e+00,7.004583358764648438e+00,6.883268356323242188e+00,6.975746631622314453e+00,8.311235904693603516e-01,3.270025730133056641e+00,6.950667858123779297e+00
6.888046264648437500e+00,6.873678684234619141e+00,6.846361160278320312e+00,6.892636299133300781e+00,1.967960596084594727e-02,1.348203778266906738e+00,6.919523715972900391e+00
6.956809997558593750e+00,6.932078361511230469e+00,6.879889965057373047e+00,6.908497333526611328e+00,1.258525252342224121e-01,1.652943611145019531e+00,6.911165237426757812e+00
6.912986278533935547e+00,6.912874698638916016e+00,6.921138763427734375e+00,6.927429676055908203e+00,-1.584747582674026489e-01,8.292481303215026855e-01,6.918565750122070312e+00
6.789091587066650391e+00,6.893726348876953125e+00,6.805149078369140625e+00,6.801830291748046875e+00,4.299362599849700928e-01,2.203526735305786133e+00,6.820703983306884766e+00
6.960148811340332031e+00,6.972744464874267578e+00,6.901323318481445312e+00,6.956692218780517578e+00,1.388694494962692261e-01,1.603031992912292480e+00,6.930376052856445312e+00
6.823379516601562500e+00,6.827586650848388672e+00,6.801526546478271484e+00,6.833317756652832031e+00,3.854298889636993408e-01,2.159403562545776367e+00,6.873231887817382812e+00
6.875286579132080078e+00,6.891432762145996094e+00,6.795409679412841797e+00,6.923358440399169922e+00,4.133984148502349854e-01,2.206254959106445312e+00,6.875169277191162109e+00
6.868434906005859375e+00,6.965256690979003906e+00,6.882028102874755859e+00,6.933344841003417969e+00,-3.228780627250671387e-02,1.033325672149658203e+00,6.962237358093261719e+00
6.900966167449951172e+00,6.933482646942138672e+00,6.953450202941894531e+00,6.977819919586181641e+00,-5.820710062980651855e-01,-1.372373104095458984e-01,6.941312789916992188e+00
6.960657596588134766e+00,6.965449810028076172e+00,6.936556816101074219e+00,6.994379520416259766e+00,8.909703791141510010e-02,1.376428008079528809e+00,6.982779026031494141e+00
6.812046051025390625e+00,6.809305191040039062e+00,6.781740188598632812e+00,6.867784500122070312e+00,5.624042153358459473e-01,2.454009532928466797e+00,6.855786323547363281e+00
6.953069686889648438e+00,6.924402236938476562e+00,6.948685646057128906e+00,6.928495883941650391e+00,-6.465497016906738281e-01,-3.683700561523437500e-01,7.015042304992675781e+00
6.919132709503173828e+00,6.933433532714843750e+00,6.887629508972167969e+00,6.928464412689208984e+00,6.602571606636047363e-01,2.751270294189453125e+00,6.933930873870849609e+00
6.985669136047363281e+00,6.986473560333251953e+00,6.990157604217529297e+00,6.945655822753906250e+00,-7.321394085884094238e-01,-7.084920406341552734e-01,6.975644588470458984e+00
6.940582752227783203e+00,6.955245971679687500e+00,6.855103969573974609e+00,6.927108287811279297e+00,2.670327126979827881e-01,1.954332351684570312e+00,6.913048267364501953e+00
6.909728527069091797e+00,6.965548038482666016e+00,6.888002395629882812e+00,6.912626266479492188e+00,8.796242624521255493e-02,1.431907176971435547e+00,6.914000034332275391e+00
6.856032848358154297e+00,6.947478771209716797e+00,6.900687217712402344e+00,6.913875579833984375e+00,-2.899297177791595459e-01,2.308453321456909180e-01,6.898881435394287109e+00
6.889210224151611328e+00,6.853687763214111328e+00,6.820240497589111328e+00,6.881524085998535156e+00,2.104325592517852783e-01,1.833110332489013672e+00,6.899801254272460938e+00
6.917319297790527344e+00,6.946631431579589844e+00,6.943258285522460938e+00,6.893710613250732422e+00,-3.586906492710113525e-01,2.372304201126098633e-01,6.963673591613769531e+00
6.940571308135986328e+00,6.962714672088623047e+00,7.044743537902832031e+00,7.015436172485351562e+00,-1.351275205612182617e+00,-1.960348844528198242e+00,7.013202667236328125e+00
6.837572097778320312e+00,6.909837722778320312e+00,6.846510887145996094e+00,6.812412738800048828e+00,4.108937978744506836e-01,2.283444881439208984e+00,6.931625366210937500e+00
6.863381385803222656e+00,6.862450599670410156e+00,6.863087654113769531e+00,6.931683540344238281e+00,-2.819391787052154541e-01,4.107649922370910645e-01,6.883957862854003906e+00
6.778997898101806641e+00,6.880473613739013672e+00,6.798797130584716797e+00,6.842436790466308594e+00,3.374472558498382568e-01,2.117865085601806641e+00,6.872001647949218750e+00
6.925020694732666016e+00,6.993330001831054688e+00,6.879549980163574219e+00,6.912622451782226562e+00,1.154451668262481689e-01,1.653269052505493164e+00,6.963340759277343750e+00
6.851006984710693359e+00,6.899198532104492188e+00,6.873543262481689453e+00,6.881106376647949219e+00,-1.961068958044052124e-01,6.501083970069885254e-01,6.938373565673828125e+00
7.031223773956298828e+00,7.059030532836914062e+00,7.030874252319335938e+00,7.040249824523925781e+00,5.028077960014343262e-01,2.472268104553222656e+00,7.024507045745849609e+00
6.906544208526611328e+00,6.926758289337158203e+00,6.941376209259033203e+00,6.886454582214355469e+00,-5.367393493652343750e-01,-4.289662837982177734e-02,6.887679576873779297e+00
6.768516540527343750e+00,6.832726001739501953e+00,6.800352096557617188e+00,6.812295436859130859e+00,4.203413426876068115e-01,2.409588575363159180e+00,6.839163780212402344e+00
6.862340450286865234e+00,6.842570304870605469e+00,6.818086147308349609e+00,6.862773418426513672e+00,3.367229700088500977e-01,1.663526177406311035e+00,6.787246227264404297e+00
6.951414585113525391e+00,6.965478420257568359e+00,6.933554172515869141e+00,6.927942752838134766e+00,-9.475944936275482178e-02,8.914688825607299805e-01,6.942513465881347656e+00
6.879117488861083984e+00,6.835743427276611328e+00,6.828226566314697266e+00,6.819737911224365234e+00,-2.018492966890335083e-01,5.834103226661682129e-01,6.872832775115966797e+00
6.981188774108886719e+00,6.952871799468994141e+00,6.934295654296875000e+00,6.984400749206542969e+00,-4.193735420703887939e-01,-2.589893341064453125e-02,6.981088638305664062e+00
6.873215198516845703e+00,6.901870250701904297e+00,6.888554096221923828e+00,6.906467914581298828e+00,-6.644893437623977661e-02,8.527378439903259277e-01,6.874744415283203125e+00
6.879340171813964844e+00,6.903225421905517578e+00,6.902550220489501953e+00,6.885932445526123047e+00,1.430797018110752106e-02,1.347429752349853516e+00,6.943869590759277344e+00
6.957592010498046875e+00,6.948752403259277344e+00,6.871326446533203125e+00,6.970440387725830078e+00,-4.849597066640853882e-02,1.019920587539672852e+00,6.895590305328369141e+00
6.928161621093750000e+00,7.003358364105224609e+00,6.964817047119140625e+00,6.960422515869140625e+00,6.087538599967956543e-01,2.591144084930419922e+00,7.024764060974121094e+00
6.914237976074218750e+00,6.988368988037109375e+00,6.968504905700683594e+00,6.957994937896728516e+00,2.469719573855400085e-02,1.133824348449707031e+00,6.960587024688720703e+00
6.992253780364990234e+00,6.978939056396484375e+00,6.884568691253662109e+00,6.945911407470703125e+00,4.858976304531097412e-01,2.378999710083007812e+00,6.982975482940673828e+00
6.958857536315917969e+00,7.000946044921875000e+00,6.939839363098144531e+00,6.965124130249023438e+00,-1.230303123593330383e-01,1.125675201416015625e+00,7.001692771911621094e+00
6.899665832519531250e+00,7.040862560272216797e+00,6.887915134429931641e+00,6.917626380920410156e+00,4.599238038063049316e-01,2.457149982452392578e+00,6.939237594604492188e+00
6.874431133270263672e+00,6.900201797485351562e+00,6.839117050170898438e+00,6.890740871429443359e+00,2.122154086828231812e-01,1.736666560173034668e+00,6.857776641845703125e+00
6.928326129913330078e+00,6.927949905395507812e+00,6.876465797424316406e+00,6.903198719024658203e+00,1.790862232446670532e-01,1.497654318809509277e+00,6.960805416107177734e+00
6.878287792205810547e+00,6.866430282592773438e+00,6.841516971588134766e+00,6.895389556884765625e+00,-2.269917428493499756e-01,6.196314692497253418e-01,6.876923084259033203e+00
6.928153991699218750e+00,6.962020874023437500e+00,6.959806442260742188e+00,6.964854240417480469e+00,-2.909298241138458252e-01,5.236044526100158691e-01,6.995383262634277344e+00
7.020833492279052734e+00,7.044641017913818359e+00,6.995311737060546875e+00,7.049747943878173828e+00,-1.166011169552803040e-01,9.172562360763549805e-01,6.993332386016845703e+00
6.939419269561767578e+00,6.927199840545654297e+00,6.951927185058593750e+00,6.958418846130371094e+00,-2.070350013673305511e-02,9.699343442916870117e-01,6.968447685241699219e+00
6.926083564758300781e+00,6.951319217681884766e+00,6.923034667968750000e+00,6.926719188690185547e+00,-1.159505359828472137e-02,1.229911804199218750e+00,7.000951290130615234e+00
6.973742485046386719e+00,7.004431724548339844e+00,7.039891719818115234e+00,7.006994247436523438e+00,-8.463392257690429688e-01,-7.637436389923095703e-01,6.965588569641113281e+00
6.955007076263427734e+00,6.987579345703125000e+00,6.994067192077636719e+00,6.955276489257812500e+00,-8.212100714445114136e-02,9.619895815849304199e-01,7.020434379577636719e+00
6.848191261291503906e+00,6.935738563537597656e+00,6.977733135223388672e+00,7.019521713256835938e+00,-7.417089343070983887e-01,-6.187376976013183594e-01,6.940649986267089844e+00
6.923880577087402344e+00,6.944594383239746094e+00,6.927732467651367188e+00,6.954201221466064453e+00,4.664687514305114746e-01,2.232728958129882812e+00,6.917860031127929688e+00
6.929921150207519531e+00,6.982087135314941406e+00,6.905521392822265625e+00,6.936635494232177734e+00,3.168912529945373535e-01,2.078051090240478516e+00,6.927469730377197266e+00
7.028358459472656250e+00,7.008072853088378906e+00,6.986639022827148438e+00,6.955148220062255859e+00,2.973821200430393219e-02,1.246908068656921387e+00,7.026020526885986328e+00
6.941816329956054688e+00,6.964080810546875000e+00,6.887290477752685547e+00,7.001080989837646484e+00,1.467190217226743698e-02,1.297829866409301758e+00,6.919718742370605469e+00
6.961759567260742188e+00,6.988667964935302734e+00,7.019950866699218750e+00,6.967643737792968750e+00,-9.524320960044860840e-01,-1.108010530471801758e+00,7.027984619140625000e+00
6.962306976318359375e+00,6.982347488403320312e+00,7.018894672393798828e+00,7.005344390869140625e+00,-4.593853354454040527e-01,2.031990289688110352e-01,7.015834331512451172e+00
6.921503067016601562e+00,6.955894470214843750e+00,6.909358024597167969e+00,6.899271011352539062e+00,-1.476942300796508789e-01,7.953627705574035645e-01,6.927309036254882812e+00
6.899530410766601562e+00,6.909075260162353516e+00,6.898146629333496094e+00,6.922019004821777344e+00,-1.965430378913879395e-01,8.455017805099487305e-01,6.908381938934326172e+00
6.883449554443359375e+00,6.931738376617431641e+00,6.898886680603027344e+00,6.885428905487060547e+00,-1.080336496233940125e-01,1.022357106208801270e+00,6.930888175964355469e+00
6.982398033142089844e+00,6.953135013580322266e+00,7.008433818817138672e+00,7.014117717742919922e+00,-1.201581433415412903e-01,9.355467557907104492e-01,6.989905357360839844e+00
6.913997173309326172e+00,6.948934555053710938e+00,6.904635429382324219e+00,6.938326835632324219e+00,3.662199527025222778e-02,1.220619201660156250e+00,6.976670742034912109e+00
7.050567150115966797e+00,7.041675567626953125e+00,6.944195747375488281e+00,7.007985115051269531e+00,5.117132663726806641e-01,2.340493917465209961e+00,7.030434608459472656e+00
6.969603061676025391e+00,6.958208560943603516e+00,6.949649810791015625e+00,6.913342952728271484e+00,5.119530856609344482e-02,1.360516667366027832e+00,6.968327999114990234e+00
6.988555431365966797e+00,6.990122318267822266e+00,6.973635196685791016e+00,7.001175880432128906e+00,-2.418451607227325439e-01,5.815331935882568359e-01,7.028337478637695312e+00
6.959795475006103516e+00,6.985274314880371094e+00,6.861134052276611328e+00,6.962457180023193359e+00,2.812335491180419922e-01,1.932727098464965820e+00,6.964758872985839844e+00
6.900277137756347656e+00,7.031467914581298828e+00,6.998912811279296875e+00,6.960785388946533203e+00,-4.070765376091003418e-01,4.933697581291198730e-01,7.042267799377441406e+00
6.890070438385009766e+00,6.986613750457763672e+00,6.954901695251464844e+00,6.946307182312011719e+00,-3.476838171482086182e-01,3.565284013748168945e-01,6.930050849914550781e+00
6.938938617706298828e+00,6.977138042449951172e+00,6.957000255584716797e+00,6.915915012359619141e+00,-2.738333344459533691e-01,4.405906796455383301e-01,6.971404075622558594e+00
6.904212951660156250e+00,6.913587093353271484e+00,6.866747379302978516e+00,6.915069103240966797e+00,7.890890538692474365e-02,1.389335155487060547e+00,6.910496711730957031e+00
6.905344963073730469e+00,6.946276187896728516e+00,6.950054645538330078e+00,6.962837696075439453e+00,-1.325357556343078613e-01,9.824532270431518555e-01,6.940823078155517578e+00
6.985556125640869141e+00,6.984617233276367188e+00,6.961574077606201172e+00,6.972259521484375000e+00,4.633353352546691895e-01,2.374599456787109375e+00,6.944160938262939453e+00
7.012464046478271484e+00,7.003147125244140625e+00,7.067880630493164062e+00,7.008488655090332031e+00,-4.568609595298767090e-01,2.052468061447143555e-01,7.067660808563232422e+00
6.968605518341064453e+00,6.966575622558593750e+00,6.908548831939697266e+00,6.978538990020751953e+00,5.798564553260803223e-01,2.561737537384033203e+00,6.956306457519531250e+00
6.788899421691894531e+00,6.864164352416992188e+00,6.822696208953857422e+00,6.916753768920898438e+00,3.382538855075836182e-01,2.170525074005126953e+00,6.880723953247070312e+00
7.038105487823486328e+00,7.052134037017822266e+00,7.061839580535888672e+00,6.972257614135742188e+00,-1.623918712139129639e-01,9.525215625762939453e-01,7.046596050262451172e+00
6.895310878753662109e+00,6.928834915161132812e+00,6.913758277893066406e+00,6.953539848327636719e+00,-1.190212443470954895e-01,9.838268160820007324e-01,6.958016872406005859e+00
6.896573066711425781e+00,6.903254032135009766e+00,6.895870208740234375e+00,6.918217658996582031e+00,-1.853962093591690063e-01,7.796314954757690430e-01,6.901641845703125000e+00
7.016859531402587891e+00,6.983696460723876953e+00,6.930693626403808594e+00,6.999428272247314453e+00,3.841651380062103271e-01,2.221332788467407227e+00,6.980102539062500000e+00
6.886502265930175781e+00,6.967640399932861328e+00,6.905541419982910156e+00,6.930287837982177734e+00,5.360921025276184082e-01,2.680911302566528320e+00,6.959821224212646484e+00
6.850142955780029297e+00,6.903544902801513672e+00,6.886821269989013672e+00,6.852134227752685547e+00,9.982842952013015747e-02,1.372628927230834961e+00,6.914692401885986328e+00
6.989886760711669922e+00,6.991383075714111328e+00,7.061752796173095703e+00,6.977522850036621094e+00,-6.574441194534301758e-01,-3.163316249847412109e-01,6.994132518768310547e+00
7.047399997711181641e+00,7.060447692871093750e+00,7.037983894348144531e+00,7.007788658142089844e+00,-1.941304840147495270e-02,1.227298855781555176e+00,7.040975093841552734e+00
6.997384071350097656e+00,6.945281505584716797e+00,6.934417724609375000e+00,6.898223876953125000e+00,-6.986342668533325195e-01,-3.429056406021118164e-01,6.981851577758789062e+00
6.998096466064453125e+00,7.035046100616455078e+00,6.990963459014892578e+00,6.982995510101318359e+00,-2.831897325813770294e-02,1.190380334854125977e+00,7.006229877471923828e+00
6.992137908935546875e+00,7.034616470336914062e+00,6.970516681671142578e+00,6.947090625762939453e+00,2.825175821781158447e-01,1.999832391738891602e+00,7.020272254943847656e+00
6.875885486602783203e+00,6.842100143432617188e+00,6.749979019165039062e+00,6.770172595977783203e+00,5.099951624870300293e-01,2.459506511688232422e+00,6.807646751403808594e+00
6.911763191223144531e+00,6.958753585815429688e+00,6.930056095123291016e+00,6.962464332580566406e+00,8.399250358343124390e-02,1.516287326812744141e+00,6.961560249328613281e+00
6.889666080474853516e+00,6.937746524810791016e+00,6.936295509338378906e+00,6.990138530731201172e+00,-8.214345574378967285e-01,-8.276638984680175781e-01,6.950145721435546875e+00
6.898334026336669922e+00,6.954313755035400391e+00,6.846878051757812500e+00,6.916473865509033203e+00,8.907843232154846191e-01,3.356287002563476562e+00,6.930445671081542969e+00
6.875550270080566406e+00,6.932923316955566406e+00,6.954119682312011719e+00,6.944096088409423828e+00,-4.919791519641876221e-01,2.487241029739379883e-01,6.965815067291259766e+00
6.937266349792480469e+00,6.923142433166503906e+00,6.914099216461181641e+00,6.908937454223632812e+00,-1.151802614331245422e-01,9.756720066070556641e-01,6.904401779174804688e+00
6.941425800323486328e+00,6.994060516357421875e+00,6.904968261718750000e+00,6.940360069274902344e+00,-3.232862055301666260e-02,1.319038391113281250e+00,6.959571838378906250e+00
6.963425636291503906e+00,6.975128173828125000e+00,6.970636367797851562e+00,6.932112693786621094e+00,-2.392400205135345459e-01,3.928014636039733887e-01,6.948069095611572266e+00
6.987523078918457031e+00,7.001600265502929688e+00,7.046228885650634766e+00,6.960185050964355469e+00,-4.123039543628692627e-01,9.662997722625732422e-02,6.978426933288574219e+00
6.904864788055419922e+00,6.969808101654052734e+00,6.961384773254394531e+00,6.971338272094726562e+00,-7.359016537666320801e-01,-4.886077642440795898e-01,6.976897716522216797e+00
6.970370769500732422e+00,7.042529582977294922e+00,7.028393268585205078e+00,7.000147819519042969e+00,-1.742969155311584473e-01,9.885431528091430664e-01,7.049109458923339844e+00
6.884443759918212891e+00,6.970324993133544922e+00,6.963976383209228516e+00,6.991593360900878906e+00,-4.963515698909759521e-01,-1.349515914916992188e-01,6.950181961059570312e+00
6.916704654693603516e+00,6.927673816680908203e+00,6.918741703033447266e+00,6.888954639434814453e+00,1.517612785100936890e-01,1.572566270828247070e+00,6.972589492797851562e+00
6.939617156982421875e+00,7.012230873107910156e+00,6.948594093322753906e+00,6.980200767517089844e+00,-3.612298071384429932e-01,5.053651332855224609e-01,6.980520248413085938e+00
6.918094635009765625e+00,6.980256557464599609e+00,6.932947635650634766e+00,6.903724670410156250e+00,5.087825059890747070e-01,2.416349887847900391e+00,6.989473342895507812e+00
6.902449131011962891e+00,6.931850910186767578e+00,6.939552783966064453e+00,6.920601367950439453e+00,-3.840227723121643066e-01,2.216453552246093750e-01,6.891748428344726562e+00
6.931987762451171875e+00,7.017820358276367188e+00,6.989627838134765625e+00,7.001927375793457031e+00,-1.774707734584808350e-01,7.121369242668151855e-01,6.978590965270996094e+00
6.869062423706054688e+00,6.943159580230712891e+00,6.870966434478759766e+00,6.958791732788085938e+00,4.520078301429748535e-01,2.394245147705078125e+00,6.912606716156005859e+00
6.999321937561035156e+00,6.992743015289306641e+00,6.949517250061035156e+00,6.947809219360351562e+00,2.657431364059448242e-01,1.879904985427856445e+00,6.997835636138916016e+00
6.872699737548828125e+00,6.860892772674560547e+00,6.873537063598632812e+00,6.918792724609375000e+00,-3.877893388271331787e-01,2.765861749649047852e-01,6.860204696655273438e+00
6.898730278015136719e+00,6.953886508941650391e+00,6.953936576843261719e+00,6.994729518890380859e+00,-5.484650135040283203e-01,-2.280943393707275391e-01,6.924396038055419922e+00
6.925523757934570312e+00,7.003532886505126953e+00,6.924358367919921875e+00,6.966974735260009766e+00,2.487319558858871460e-01,1.730064272880554199e+00,7.034924507141113281e+00
6.903897285461425781e+00,6.888785362243652344e+00,6.833440780639648438e+00,6.904890060424804688e+00,-6.905126571655273438e-02,1.112110018730163574e+00,6.893046379089355469e+00
6.902593612670898438e+00,6.936621189117431641e+00,6.889845848083496094e+00,6.925366401672363281e+00,1.646063029766082764e-01,1.381805062294006348e+00,6.989382743835449219e+00
6.982847690582275391e+00,6.997925758361816406e+00,6.958920478820800781e+00,6.990598678588867188e+00,-8.417837321758270264e-02,1.073858499526977539e+00,6.999574184417724609e+00
6.832021713256835938e+00,6.874010086059570312e+00,6.829241275787353516e+00,6.848820209503173828e+00,-3.886383175849914551e-01,3.960114121437072754e-01,6.854031085968017578e+00
6.946734905242919922e+00,6.901493072509765625e+00,6.905898094177246094e+00,6.933677196502685547e+00,-5.721710920333862305e-01,-1.874101161956787109e-02,6.938617229461669922e+00
6.790147781372070312e+00,6.806678295135498047e+00,6.810456752777099609e+00,6.813717365264892578e+00,3.566646948456764221e-02,1.220478534698486328e+00,6.850706577301025391e+00
6.982053756713867188e+00,6.938673019409179688e+00,6.889712810516357422e+00,6.963879108428955078e+00,2.210810631513595581e-01,1.656680941581726074e+00,6.938233375549316406e+00
6.787271022796630859e+00,6.884298324584960938e+00,6.882826805114746094e+00,6.821393966674804688e+00,-8.372135162353515625e-01,-7.602972984313964844e-01,6.860124111175537109e+00
6.880040645599365234e+00,6.896931171417236328e+00,6.911315441131591797e+00,6.927329063415527344e+00,-3.703519701957702637e-01,2.503795623779296875e-01,6.894433498382568359e+00
6.802882194519042969e+00,6.846682071685791016e+00,6.823039531707763672e+00,6.863059997558593750e+00,-9.257451444864273071e-02,1.011268258094787598e+00,6.898674011230468750e+00
6.946911334991455078e+00,6.928935527801513672e+00,6.899234771728515625e+00,6.846360683441162109e+00,-6.265968084335327148e-01,-1.212220191955566406e-01,6.949068069458007812e+00
6.976768493652343750e+00,6.959846973419189453e+00,6.937401294708251953e+00,6.964980125427246094e+00,-2.247984893620014191e-02,1.100948095321655273e+00,6.964064598083496094e+00
6.900166034698486328e+00,6.982875823974609375e+00,6.909527778625488281e+00,6.944150447845458984e+00,-1.881440877914428711e-01,8.032793402671813965e-01,6.907501220703125000e+00
6.795804977416992188e+00,6.781899452209472656e+00,6.784228801727294922e+00,6.781575202941894531e+00,2.921578884124755859e-01,1.842438220977783203e+00,6.816671371459960938e+00
7.011458873748779297e+00,7.098926544189453125e+00,7.071968555450439453e+00,7.061293125152587891e+00,-5.450569987297058105e-01,1.079745292663574219e-01,7.090981006622314453e+00
6.849682807922363281e+00,6.922010421752929688e+00,6.908742427825927734e+00,6.868376731872558594e+00,-4.052844643592834473e-02,1.226116418838500977e+00,6.927464962005615234e+00
6.892916679382324219e+00,6.987058162689208984e+00,6.935701370239257812e+00,6.889283657073974609e+00,5.648267865180969238e-01,2.688539505004882812e+00,6.925233840942382812e+00
6.889909267425537109e+00,6.877695560455322266e+00,6.880102634429931641e+00,6.911083698272705078e+00,2.255557626485824585e-01,1.669853210449218750e+00,6.931602954864501953e+00
6.826574325561523438e+00,6.943526268005371094e+00,6.884646415710449219e+00,6.900417327880859375e+00,-3.014421761035919189e-01,4.367482066154479980e-01,6.902037143707275391e+00
6.966634750366210938e+00,6.950071811676025391e+00,6.937865734100341797e+00,6.923404216766357422e+00,-1.002693027257919312e-01,7.052236199378967285e-01,6.936756134033203125e+00
6.807364463806152344e+00,6.882519721984863281e+00,6.843461036682128906e+00,6.868153095245361328e+00,-1.945184767246246338e-01,9.081503748893737793e-01,6.930170059204101562e+00
6.791112899780273438e+00,6.846111297607421875e+00,6.851505756378173828e+00,6.857000827789306641e+00,-2.373833656311035156e-01,7.123571634292602539e-01,6.866949558258056641e+00
6.833898067474365234e+00,6.816813468933105469e+00,6.789944648742675781e+00,6.809032440185546875e+00,-5.475647449493408203e-01,-4.750323295593261719e-02,6.880361080169677734e+00
6.868475437164306641e+00,6.874536037445068359e+00,6.905954837799072266e+00,6.902730464935302734e+00,-5.853714346885681152e-01,-8.299386501312255859e-02,6.888678073883056641e+00
6.838940143585205078e+00,6.914822101593017578e+00,6.836614608764648438e+00,6.869371414184570312e+00,-2.821637131273746490e-02,1.265959978103637695e+00,6.854614734649658203e+00
6.885178565979003906e+00,6.895822048187255859e+00,6.926420688629150391e+00,6.864563465118408203e+00,-5.804213285446166992e-01,-3.009144067764282227e-01,6.947307109832763672e+00
6.873755931854248047e+00,6.899343967437744141e+00,6.868319034576416016e+00,6.883681774139404297e+00,-4.852402508258819580e-01,1.820302009582519531e-02,6.921380043029785156e+00
6.838976860046386719e+00,6.900493144989013672e+00,6.836189270019531250e+00,6.886582374572753906e+00,4.197110831737518311e-01,2.434854269027709961e+00,6.866505146026611328e+00
6.938380241394042969e+00,6.976607799530029297e+00,6.863010883331298828e+00,6.918062210083007812e+00,3.792623579502105713e-01,2.312922716140747070e+00,6.924133300781250000e+00
6.978114604949951172e+00,6.983466625213623047e+00,6.889601707458496094e+00,6.916730403900146484e+00,3.844898194074630737e-02,1.375182151794433594e+00,7.002072811126708984e+00
6.870674133300781250e+00,6.870636463165283203e+00,6.907243728637695312e+00,6.884150505065917969e+00,-3.463895618915557861e-01,3.951244950294494629e-01,6.871603012084960938e+00
6.827174186706542969e+00,6.923833370208740234e+00,6.951567173004150391e+00,6.897264480590820312e+00,-1.315917521715164185e-01,9.111783504486083984e-01,6.976624011993408203e+00
6.785252571105957031e+00,6.822707653045654297e+00,6.805400848388671875e+00,6.817685604095458984e+00,-6.151916086673736572e-02,1.138784170150756836e+00,6.844309329986572266e+00
6.954589843750000000e+00,6.962113380432128906e+00,6.944893836975097656e+00,6.900627613067626953e+00,-5.821532011032104492e-01,-4.193369150161743164e-01,6.953822612762451172e+00
6.863079071044921875e+00,6.869019508361816406e+00,6.868137836456298828e+00,6.805146694183349609e+00,2.002387046813964844e-01,1.570746064186096191e+00,6.857895851135253906e+00
6.887373447418212891e+00,6.913145542144775391e+00,6.938509941101074219e+00,6.895524024963378906e+00,-2.688376903533935547e-01,7.176094055175781250e-01,6.887994766235351562e+00
6.879849433898925781e+00,6.926644325256347656e+00,6.856845378875732422e+00,6.891432285308837891e+00,-1.788861453533172607e-01,7.634727954864501953e-01,6.925334453582763672e+00
6.819514274597167969e+00,6.857928752899169922e+00,6.827632904052734375e+00,6.836831092834472656e+00,9.908813238143920898e-02,1.612582802772521973e+00,6.878903388977050781e+00
6.935688018798828125e+00,6.857518196105957031e+00,6.825429439544677734e+00,6.946395397186279297e+00,6.222729682922363281e-01,2.634237766265869141e+00,6.880568504333496094e+00
6.822829246520996094e+00,6.836153984069824219e+00,6.883091449737548828e+00,6.769892215728759766e+00,-3.194814026355743408e-01,5.689951181411743164e-01,6.846857547760009766e+00
6.834002017974853516e+00,6.820231437683105469e+00,6.853601455688476562e+00,6.853984355926513672e+00,-1.541333943605422974e-01,8.288083672523498535e-01,6.849252700805664062e+00
6.952726364135742188e+00,6.939762115478515625e+00,6.961462020874023438e+00,7.008599281311035156e+00,-5.297747850418090820e-01,6.625163555145263672e-02,7.000964164733886719e+00
6.865113258361816406e+00,6.852514743804931641e+00,6.779042720794677734e+00,6.862123489379882812e+00,4.627131819725036621e-01,2.388513088226318359e+00,6.888329982757568359e+00
6.950818538665771484e+00,6.935286045074462891e+00,6.885987281799316406e+00,6.942174911499023438e+00,2.628060579299926758e-01,1.734427213668823242e+00,6.925459384918212891e+00
6.825897693634033203e+00,6.812018394470214844e+00,6.843997001647949219e+00,6.852777957916259766e+00,-7.091860473155975342e-02,1.121381163597106934e+00,6.849482536315917969e+00
6.862766742706298828e+00,6.946133613586425781e+00,6.976072788238525391e+00,6.916126251220703125e+00,-3.854189217090606689e-01,3.343101739883422852e-01,6.995447158813476562e+00
6.730556488037109375e+00,6.859525203704833984e+00,6.841557025909423828e+00,6.833074569702148438e+00,-5.699942708015441895e-01,-8.147120475769042969e-02,6.863523006439208984e+00
6.807338237762451172e+00,6.856112957000732422e+00,6.795961380004882812e+00,6.789037704467773438e+00,1.155454218387603760e-01,1.368134856224060059e+00,6.835377216339111328e+00
6.827727317810058594e+00,6.888962745666503906e+00,6.769272804260253906e+00,6.832072734832763672e+00,8.894152045249938965e-01,3.294223785400390625e+00,6.829334259033203125e+00
6.835238933563232422e+00,6.901686191558837891e+00,6.831032752990722656e+00,6.832829952239990234e+00,-7.283417508006095886e-03,1.405278444290161133e+00,6.893503665924072266e+00
6.998866081237792969e+00,7.008164405822753906e+00,6.989780426025390625e+00,7.007517337799072266e+00,-2.630760669708251953e-01,5.106070041656494141e-01,7.012293815612792969e+00
6.949996948242187500e+00,6.993258476257324219e+00,6.986258983612060547e+00,6.944067955017089844e+00,-3.847492039203643799e-01,2.290641069412231445e-01,7.026692867279052734e+00
6.865568637847900391e+00,6.867275714874267578e+00,6.896978378295898438e+00,6.940229415893554688e+00,-4.393559098243713379e-01,1.785492897033691406e-01,6.891346454620361328e+00
6.793811798095703125e+00,6.804353713989257812e+00,6.769997119903564453e+00,6.866664409637451172e+00,3.000669181346893311e-01,1.923797607421875000e+00,6.846502780914306641e+00
6.800339221954345703e+00,6.841209888458251953e+00,6.860997676849365234e+00,6.904918670654296875e+00,-2.439055740833282471e-01,7.760407328605651855e-01,6.903686046600341797e+00
6.926091194152832031e+00,6.894869327545166016e+00,6.935096263885498047e+00,6.881052970886230469e+00,-9.428186416625976562e-01,-9.508020877838134766e-01,6.935470104217529297e+00
6.849745273590087891e+00,6.951123237609863281e+00,6.893302917480468750e+00,6.941799163818359375e+00,-3.865774273872375488e-01,5.234965085983276367e-01,6.985032081604003906e+00
6.870426654815673828e+00,6.920199871063232422e+00,6.868392944335937500e+00,6.868251323699951172e+00,-7.652400434017181396e-02,9.723912477493286133e-01,6.884157657623291016e+00
6.915295600891113281e+00,6.892160415649414062e+00,6.820355415344238281e+00,6.879517555236816406e+00,-2.477470040321350098e-01,6.149449348449707031e-01,6.898296356201171875e+00
6.897283077239990234e+00,6.968215942382812500e+00,6.928904533386230469e+00,6.906382083892822266e+00,-1.870747953653335571e-01,7.978917956352233887e-01,6.942373275756835938e+00
6.989725112915039062e+00,7.058570384979248047e+00,7.007874965667724609e+00,6.986246109008789062e+00,1.843258142471313477e-01,1.842763900756835938e+00,7.032675743103027344e+00
6.932650566101074219e+00,6.929264545440673828e+00,6.982452392578125000e+00,6.921349525451660156e+00,-7.285054922103881836e-01,-5.413715839385986328e-01,6.913460254669189453e+00
6.825970649719238281e+00,6.774173736572265625e+00,6.750672340393066406e+00,6.726640224456787109e+00,5.523300170898437500e-02,1.302131652832031250e+00,6.763751983642578125e+00
6.936038494110107422e+00,6.943522453308105469e+00,6.956553936004638672e+00,7.029671192169189453e+00,1.379131078720092773e-01,1.516749858856201172e+00,6.959726810455322266e+00
6.756893634796142578e+00,6.826555728912353516e+00,6.777378082275390625e+00,6.851877689361572266e+00,3.084057569503784180e-02,1.215518951416015625e+00,6.832731723785400391e+00
6.974399089813232422e+00,6.953163146972656250e+00,6.976050853729248047e+00,6.927016258239746094e+00,-3.614901006221771240e-01,2.869968414306640625e-01,6.907082557678222656e+00
6.843331813812255859e+00,6.855837821960449219e+00,6.918301582336425781e+00,6.908258438110351562e+00,-8.462629914283752441e-01,-5.772345066070556641e-01,6.879550933837890625e+00
6.801573753356933594e+00,6.824138164520263672e+00,6.816516876220703125e+00,6.787106513977050781e+00,-9.813399612903594971e-02,9.728233814239501953e-01,6.834088325500488281e+00
6.909477710723876953e+00,6.925087928771972656e+00,6.925125598907470703e+00,6.978427410125732422e+00,-2.397736907005310059e-01,3.571836948394775391e-01,6.906245708465576172e+00
6.851014137268066406e+00,6.895639419555664062e+00,6.850053787231445312e+00,6.888368129730224609e+00,-5.496374964714050293e-01,-4.901528358459472656e-03,6.947591781616210938e+00
6.972156524658203125e+00,6.937946319580078125e+00,6.917164802551269531e+00,6.928431510925292969e+00,7.987788915634155273e-01,3.165328979492187500e+00,6.925493240356445312e+00
6.921566963195800781e+00,6.911017417907714844e+00,6.905339717864990234e+00,6.937028408050537109e+00,-5.314851999282836914e-01,4.980242252349853516e-02,6.954344749450683594e+00
6.763136386871337891e+00,6.777663230895996094e+00,6.676991462707519531e+00,6.737438678741455078e+00,4.373355805873870850e-01,2.356040954589843750e+00,6.792671680450439453e+00
6.955139636993408203e+00,6.894706726074218750e+00,6.890527248382568359e+00,6.926321029663085938e+00,5.118044614791870117e-01,2.214766740798950195e+00,6.915896415710449219e+00
6.910724163055419922e+00,6.968735218048095703e+00,6.897978782653808594e+00,6.913694381713867188e+00,2.908506393432617188e-01,2.124560356140136719e+00,6.933501720428466797e+00
6.842877388000488281e+00,6.912989616394042969e+00,6.854640007019042969e+00,6.826041221618652344e+00,-2.019124180078506470e-01,9.084950685501098633e-01,6.889136791229248047e+00
6.868116855621337891e+00,6.923278808593750000e+00,6.830357074737548828e+00,6.900646209716796875e+00,-5.101355314254760742e-01,-5.636692047119140625e-03,6.892487525939941406e+00
6.866653919219970703e+00,6.826081752777099609e+00,6.818376541137695312e+00,6.877775192260742188e+00,-1.890369355678558350e-01,7.920391559600830078e-01,6.897169113159179688e+00
6.819932937622070312e+00,6.900457859039306641e+00,6.826204299926757812e+00,6.874390602111816406e+00,-1.537941992282867432e-01,6.066901683807373047e-01,6.876428604125976562e+00
6.883612155914306641e+00,6.862518310546875000e+00,6.900943279266357422e+00,6.935648918151855469e+00,-1.576176285743713379e-01,6.143480539321899414e-01,6.925911426544189453e+00
7.000194072723388672e+00,7.093703269958496094e+00,7.053498744964599609e+00,7.070507526397705078e+00,-4.187180101871490479e-01,2.052497863769531250e-01,7.059865951538085938e+00
6.952489852905273438e+00,6.954465866088867188e+00,6.847270011901855469e+00,6.880560874938964844e+00,3.368667960166931152e-01,2.114251136779785156e+00,6.982620239257812500e+00
6.848209381103515625e+00,6.835682868957519531e+00,6.863043785095214844e+00,6.849880695343017578e+00,-1.172317489981651306e-01,8.080704808235168457e-01,6.880857467651367188e+00
6.872049808502197266e+00,6.918827533721923828e+00,6.934221744537353516e+00,6.925577163696289062e+00,-6.419482231140136719e-01,-3.048540353775024414e-01,6.925326824188232422e+00
6.941854953765869141e+00,6.951208591461181641e+00,6.972491264343261719e+00,6.958849906921386719e+00,-4.907747805118560791e-01,2.128653526306152344e-01,6.989813327789306641e+00
6.902742385864257812e+00,6.913725376129150391e+00,6.833817005157470703e+00,6.869839191436767578e+00,3.316400349140167236e-01,2.057087421417236328e+00,6.927125453948974609e+00
6.846860885620117188e+00,6.830789089202880859e+00,6.858287334442138672e+00,6.843848228454589844e+00,6.632328033447265625e-01,2.711072921752929688e+00,6.853426933288574219e+00
6.892576217651367188e+00,6.895357608795166016e+00,6.873984813690185547e+00,6.946359634399414062e+00,4.703382402658462524e-02,1.224577665328979492e+00,6.894052505493164062e+00
6.895851612091064453e+00,6.957498550415039062e+00,6.910327434539794922e+00,6.963352680206298828e+00,1.797503232955932617e-01,1.640332460403442383e+00,6.887660980224609375e+00
6.764469623565673828e+00,6.827196598052978516e+00,6.737353801727294922e+00,6.842794895172119141e+00,6.226038932800292969e-01,2.628410577774047852e+00,6.849208831787109375e+00
6.820986270904541016e+00,6.910870075225830078e+00,6.869175910949707031e+00,6.914148330688476562e+00,-4.694136679172515869e-01,1.410179138183593750e-01,6.938722610473632812e+00
6.948610782623291016e+00,6.919721603393554688e+00,6.835239410400390625e+00,6.902751922607421875e+00,5.149200558662414551e-01,2.106941699981689453e+00,6.903397560119628906e+00
6.907143115997314453e+00,6.873187065124511719e+00,6.852641105651855469e+00,6.917519092559814453e+00,-1.044223383069038391e-01,8.779956102371215820e-01,6.911836624145507812e+00
6.797337532043457031e+00,6.844465255737304688e+00,6.843940734863281250e+00,6.831450939178466797e+00,-4.907233417034149170e-01,2.030118703842163086e-01,6.877802848815917969e+00
6.934970378875732422e+00,6.899382114410400391e+00,6.917964458465576172e+00,6.871768951416015625e+00,-1.932470053434371948e-01,7.653930187225341797e-01,6.960216045379638672e+00
6.908086299896240234e+00,6.914433002471923828e+00,6.991656303405761719e+00,7.024447917938232422e+00,-7.049915790557861328e-01,-5.086967945098876953e-01,6.962650299072265625e+00
6.981818199157714844e+00,6.993956565856933594e+00,6.987665176391601562e+00,6.992995262145996094e+00,2.674714624881744385e-01,1.915401339530944824e+00,6.973967075347900391e+00
6.930628299713134766e+00,6.872544765472412109e+00,6.954533100128173828e+00,6.926112174987792969e+00,-7.092938423156738281e-01,-6.565136909484863281e-01,6.905312061309814453e+00
6.881275653839111328e+00,6.887440204620361328e+00,6.885327816009521484e+00,6.865222930908203125e+00,-4.045714437961578369e-01,2.648830413818359375e-04,6.890914916992187500e+00
6.945692062377929688e+00,6.969952583312988281e+00,6.893200397491455078e+00,6.883779525756835938e+00,-2.454376518726348877e-01,5.131782293319702148e-01,6.962713241577148438e+00
7.009781837463378906e+00,6.989761829376220703e+00,6.939187049865722656e+00,7.000133514404296875e+00,-2.870673537254333496e-01,5.152514576911926270e-01,7.009739398956298828e+00
6.989490032196044922e+00,7.010848522186279297e+00,6.960783004760742188e+00,7.001737117767333984e+00,-6.330141425132751465e-01,-3.744702339172363281e-01,7.014453887939453125e+00
6.878229141235351562e+00,6.932446002960205078e+00,6.883743286132812500e+00,6.857800483703613281e+00,-2.755365967750549316e-01,5.663250088691711426e-01,6.914618492126464844e+00
6.941549777984619141e+00,6.981200218200683594e+00,6.941669940948486328e+00,6.924833297729492188e+00,3.117389976978302002e-03,1.281071066856384277e+00,6.952872276306152344e+00
6.963730335235595703e+00,6.954961776733398438e+00,6.961522102355957031e+00,6.973820686340332031e+00,1.057403907179832458e-01,1.498176455497741699e+00,6.961347579956054688e+00
6.987869262695312500e+00,7.043772697448730469e+00,7.062757492065429688e+00,7.067741394042968750e+00,-1.177613258361816406e+00,-1.515389442443847656e+00,7.048786163330078125e+00
6.993999958038330078e+00,6.962847232818603516e+00,6.990501880645751953e+00,6.994682312011718750e+00,-6.967750191688537598e-02,9.186891913414001465e-01,6.990002632141113281e+00
6.868098258972167969e+00,6.998568534851074219e+00,6.881744861602783203e+00,6.991488933563232422e+00,4.113872945308685303e-01,2.200875520706176758e+00,6.908283233642578125e+00
7.006446361541748047e+00,7.028405189514160156e+00,6.986166477203369141e+00,7.013211250305175781e+00,6.508916616439819336e-02,1.216676354408264160e+00,7.000448226928710938e+00
7.006303787231445312e+00,7.032322406768798828e+00,7.022025108337402344e+00,7.040742397308349609e+00,-2.164182662963867188e-01,5.863780975341796875e-01,7.032774925231933594e+00
6.868033885955810547e+00,6.897562980651855469e+00,6.828880786895751953e+00,6.873190879821777344e+00,4.407570064067840576e-01,2.255230665206909180e+00,6.886119365692138672e+00
6.878142356872558594e+00,7.003365993499755859e+00,6.965857028961181641e+00,7.013349533081054688e+00,-6.654306054115295410e-01,-1.760809421539306641e-01,7.005415439605712891e+00
6.943554401397705078e+00,6.970976352691650391e+00,7.008806705474853516e+00,7.023321151733398438e+00,7.926089316606521606e-02,1.409133791923522949e+00,7.031332015991210938e+00
6.841440200805664062e+00,6.948552608489990234e+00,6.911893844604492188e+00,6.940532684326171875e+00,1.376861631870269775e-01,1.632415175437927246e+00,6.972906589508056641e+00
6.861271381378173828e+00,6.933060646057128906e+00,6.878065586090087891e+00,6.925330162048339844e+00,-4.170463979244232178e-01,1.487679481506347656e-01,6.970544815063476562e+00
7.111432075500488281e+00,7.058383941650390625e+00,6.995888710021972656e+00,7.014007568359375000e+00,-5.286080837249755859e-01,-9.520411491394042969e-02,7.064247131347656250e+00
6.971462249755859375e+00,7.012633323669433594e+00,6.958198547363281250e+00,7.031228542327880859e+00,-2.099758982658386230e-01,6.721327304840087891e-01,7.053042411804199219e+00
6.885924816131591797e+00,6.949780464172363281e+00,6.897922515869140625e+00,6.949315071105957031e+00,-3.259414434432983398e-01,1.750762462615966797e-01,6.917824745178222656e+00
7.087051391601562500e+00,7.134965896606445312e+00,7.087908744812011719e+00,7.050856113433837891e+00,-1.763413995504379272e-01,7.977466583251953125e-01,7.075397491455078125e+00
6.960944652557373047e+00,7.022721290588378906e+00,7.042235374450683594e+00,7.052138328552246094e+00,-4.554288983345031738e-01,1.031910181045532227e-01,6.999553680419921875e+00
6.953722953796386719e+00,7.034289836883544922e+00,7.040462017059326172e+00,7.009633064270019531e+00,-4.458821117877960205e-01,2.631485462188720703e-02,7.024145126342773438e+00
6.936459541320800781e+00,7.026298046112060547e+00,6.985041141510009766e+00,6.925163269042968750e+00,2.080487608909606934e-01,1.805740356445312500e+00,6.946359157562255859e+00
6.961012840270996094e+00,6.937409400939941406e+00,6.896766662597656250e+00,6.914313316345214844e+00,-7.509553432464599609e-02,1.038636207580566406e+00,6.919857501983642578e+00
6.998943328857421875e+00,7.060727119445800781e+00,6.962057590484619141e+00,6.968003749847412109e+00,-4.599036872386932373e-01,2.683950662612915039e-01,7.052248954772949219e+00
6.916931629180908203e+00,6.925647258758544922e+00,6.865999221801757812e+00,6.830104351043701172e+00,2.327673882246017456e-01,1.829712629318237305e+00,6.938778877258300781e+00
6.959947586059570312e+00,6.983414649963378906e+00,6.951556205749511719e+00,6.942810058593750000e+00,-4.104197025299072266e-01,1.685873270034790039e-01,6.965447902679443359e+00
6.870344161987304688e+00,6.932027339935302734e+00,6.952754974365234375e+00,6.929650306701660156e+00,-4.048916995525360107e-01,3.613831996917724609e-01,6.947511196136474609e+00
6.992108821868896484e+00,7.017436027526855469e+00,7.054769039154052734e+00,7.045693397521972656e+00,-6.702598929405212402e-01,-5.102778673171997070e-01,7.021310329437255859e+00
6.940628528594970703e+00,7.041052341461181641e+00,6.966525554656982422e+00,7.000345706939697266e+00,-1.313086897134780884e-01,1.064939737319946289e+00,7.027009963989257812e+00
7.035907268524169922e+00,7.057394504547119141e+00,7.014465808868408203e+00,7.008302211761474609e+00,-1.068952605128288269e-01,9.285807609558105469e-01,7.043609142303466797e+00
6.960342884063720703e+00,7.011083126068115234e+00,6.956225395202636719e+00,6.941422939300537109e+00,-4.640989303588867188e-01,2.806520462036132812e-02,7.023934841156005859e+00
7.083130836486816406e+00,7.134250640869140625e+00,7.102316856384277344e+00,7.084653377532958984e+00,-5.726197957992553711e-01,7.529222965240478516e-02,7.126238346099853516e+00
6.980776786804199219e+00,7.074778079986572266e+00,7.085156917572021484e+00,7.098298549652099609e+00,-5.360898971557617188e-01,-1.516041755676269531e-01,7.132385253906250000e+00
6.982648849487304688e+00,6.969820022583007812e+00,6.918081283569335938e+00,6.926959514617919922e+00,-4.012384414672851562e-01,2.881959676742553711e-01,6.971425533294677734e+00
6.890585899353027344e+00,6.893129348754882812e+00,6.892889976501464844e+00,6.905843734741210938e+00,-1.748173832893371582e-01,8.627806901931762695e-01,6.984648227691650391e+00
7.061093807220458984e+00,7.120125770568847656e+00,7.022668361663818359e+00,7.064776420593261719e+00,6.500495225191116333e-02,1.459569334983825684e+00,7.123595237731933594e+00
6.983418464660644531e+00,7.003551006317138672e+00,6.986785888671875000e+00,6.983179092407226562e+00,-7.633975148200988770e-02,1.009143710136413574e+00,6.986190319061279297e+00
6.942686557769775391e+00,6.928843498229980469e+00,6.875553607940673828e+00,6.896108150482177734e+00,-4.988229572772979736e-01,-5.240392684936523438e-02,6.858336925506591797e+00
6.868422985076904297e+00,7.011777400970458984e+00,6.935357093811035156e+00,6.964714050292968750e+00,5.845400691032409668e-02,1.599743127822875977e+00,6.992266178131103516e+00
7.011485576629638672e+00,7.063383579254150391e+00,7.001964092254638672e+00,7.048058509826660156e+00,-3.519382476806640625e-01,4.831817746162414551e-01,7.061294555664062500e+00
6.881331443786621094e+00,6.911999702453613281e+00,6.871960639953613281e+00,6.881264209747314453e+00,1.158989593386650085e-02,1.415232539176940918e+00,6.932121276855468750e+00
7.041276931762695312e+00,7.140944957733154297e+00,7.102212429046630859e+00,7.159551143646240234e+00,-2.351704537868499756e-01,5.733226537704467773e-01,7.108405113220214844e+00
6.990742206573486328e+00,7.113158702850341797e+00,7.002970695495605469e+00,7.118702411651611328e+00,2.608200609683990479e-01,1.821588516235351562e+00,7.093080043792724609e+00
6.949434280395507812e+00,6.990813732147216797e+00,6.972474098205566406e+00,7.008135318756103516e+00,-6.034561991691589355e-01,-3.006844520568847656e-01,7.043127059936523438e+00
7.030103206634521484e+00,6.981644630432128906e+00,6.925925731658935547e+00,6.964159011840820312e+00,3.978033661842346191e-01,2.041823387145996094e+00,6.995400428771972656e+00
7.045660972595214844e+00,7.053040981292724609e+00,6.996827602386474609e+00,7.048242568969726562e+00,-2.613385021686553955e-01,6.051834225654602051e-01,7.050669670104980469e+00
6.968033313751220703e+00,7.007267475128173828e+00,6.974588394165039062e+00,6.947381496429443359e+00,-4.801243543624877930e-02,1.098961353302001953e+00,6.987469196319580078e+00
7.048621177673339844e+00,7.131021976470947266e+00,7.076970100402832031e+00,7.018983364105224609e+00,-3.159601688385009766e-01,4.769952297210693359e-01,7.048490047454833984e+00
7.000042915344238281e+00,7.058700084686279297e+00,7.022732734680175781e+00,7.065330028533935547e+00,-2.529307603836059570e-01,6.050865054130554199e-01,7.023903846740722656e+00
6.963518619537353516e+00,7.044465065002441406e+00,7.001909255981445312e+00,6.991678237915039062e+00,-5.205098390579223633e-01,-4.625093936920166016e-02,7.075436592102050781e+00
6.944011688232421875e+00,6.975749492645263672e+00,6.928486824035644531e+00,6.932802200317382812e+00,5.385586991906166077e-02,1.302948713302612305e+00,6.943020820617675781e+00
7.023030281066894531e+00,6.992637157440185547e+00,6.950513362884521484e+00,6.980868339538574219e+00,3.900986611843109131e-01,2.115350723266601562e+00,6.995728492736816406e+00
7.066329002380371094e+00,7.182715892791748047e+00,7.133687973022460938e+00,7.081608295440673828e+00,-2.576921693980693817e-02,1.506240725517272949e+00,7.148861885070800781e+00
7.049077033996582031e+00,7.111269474029541016e+00,7.068926811218261719e+00,7.059138774871826172e+00,-2.127800881862640381e-01,5.878973007202148438e-01,7.059953689575195312e+00
7.049157619476318359e+00,7.078784465789794922e+00,7.122722625732421875e+00,7.019043445587158203e+00,-6.936746835708618164e-01,-3.835266828536987305e-01,7.056128025054931641e+00
7.009830951690673828e+00,7.065300941467285156e+00,6.971999168395996094e+00,6.958551406860351562e+00,3.736180067062377930e-01,2.163973331451416016e+00,7.000762939453125000e+00
7.018012046813964844e+00,7.034953117370605469e+00,7.010080337524414062e+00,7.043559074401855469e+00,-2.971329689025878906e-01,5.071753859519958496e-01,7.028872489929199219e+00
7.037809848785400391e+00,7.008190155029296875e+00,6.954494953155517578e+00,7.000031948089599609e+00,1.207276433706283569e-01,1.610900998115539551e+00,6.975821495056152344e+00
6.939537048339843750e+00,6.990502834320068359e+00,6.866255283355712891e+00,6.945820808410644531e+00,5.458467602729797363e-01,2.496350288391113281e+00,6.967015743255615234e+00
7.012656688690185547e+00,7.029825210571289062e+00,6.926712512969970703e+00,6.988056659698486328e+00,5.175509452819824219e-01,2.464608192443847656e+00,7.008038997650146484e+00
7.031008720397949219e+00,7.153666973114013672e+00,7.037227630615234375e+00,7.120116233825683594e+00,-4.785134643316268921e-02,1.004948377609252930e+00,7.131774425506591797e+00
7.060748100280761719e+00,7.074138164520263672e+00,7.001004695892333984e+00,7.024336338043212891e+00,2.585081756114959717e-01,1.567230701446533203e+00,7.038091659545898438e+00
6.928648471832275391e+00,7.023590564727783203e+00,6.866766929626464844e+00,6.957844257354736328e+00,7.700002789497375488e-01,3.038892984390258789e+00,6.937936305999755859e+00
6.964115142822265625e+00,7.018833160400390625e+00,6.949855327606201172e+00,6.986445903778076172e+00,1.597196608781814575e-01,1.472347378730773926e+00,6.963525772094726562e+00
7.019576072692871094e+00,6.980769634246826172e+00,6.977350711822509766e+00,6.992184162139892578e+00,-3.562076389789581299e-01,2.401177883148193359e-01,6.980736255645751953e+00
6.975738525390625000e+00,6.976963520050048828e+00,6.978054046630859375e+00,7.011560440063476562e+00,-2.050500959157943726e-01,4.937512874603271484e-01,6.969282150268554688e+00
6.957076072692871094e+00,7.010974407196044922e+00,6.901802539825439453e+00,6.966829776763916016e+00,-1.436129063367843628e-01,7.440581321716308594e-01,6.967328548431396484e+00
6.980443954467773438e+00,7.000935554504394531e+00,6.969307422637939453e+00,7.012212753295898438e+00,-3.256309032440185547e-02,1.170727849006652832e+00,7.040338993072509766e+00
6.892989158630371094e+00,6.955969810485839844e+00,6.934039592742919922e+00,6.919959068298339844e+00,-5.378180146217346191e-01,-2.508844137191772461e-01,6.932258605957031250e+00
7.021720886230468750e+00,7.062346935272216797e+00,6.948100090026855469e+00,6.959962368011474609e+00,1.153302639722824097e-01,1.509131789207458496e+00,7.046153068542480469e+00
6.938786506652832031e+00,7.041749477386474609e+00,6.933095455169677734e+00,6.980509281158447266e+00,3.177537620067596436e-01,2.155936956405639648e+00,7.029106140136718750e+00
7.021407127380371094e+00,7.102254390716552734e+00,7.086148262023925781e+00,7.042922496795654297e+00,-3.565160930156707764e-01,2.331519126892089844e-01,7.053363800048828125e+00
6.923949718475341797e+00,6.935366630554199219e+00,6.887687206268310547e+00,6.915539264678955078e+00,-7.866331934928894043e-02,8.788644075393676758e-01,6.867464065551757812e+00
6.878362655639648438e+00,6.928077697753906250e+00,6.900955677032470703e+00,6.897058010101318359e+00,-2.433170564472675323e-02,1.344815969467163086e+00,6.903635025024414062e+00
