6.763904094696044922e+00,6.793268203735351562e+00,6.773597240447998047e+00,6.770709991455078125e+00,-4.213665723800659180e-01,2.357225567102432251e-01,6.783817768096923828e+00
6.778938293457031250e+00,6.775206565856933594e+00,6.769024372100830078e+00,6.763439655303955078e+00,-6.619209051132202148e-01,-3.359825015068054199e-01,6.772480010986328125e+00
6.762178897857666016e+00,6.755055904388427734e+00,6.787068843841552734e+00,6.782785415649414062e+00,-7.020015120506286621e-01,-4.307241737842559814e-01,6.771370887756347656e+00
6.787071704864501953e+00,6.808012962341308594e+00,6.781136035919189453e+00,6.833059787750244141e+00,-5.184535980224609375e-01,7.276200223714113235e-03,6.794970512390136719e+00
6.833899974822998047e+00,6.858266353607177734e+00,6.810056686401367188e+00,6.782415866851806641e+00,-1.723732501268386841e-01,8.367577195167541504e-01,6.834591388702392578e+00
6.783251762390136719e+00,6.753581523895263672e+00,6.775080204010009766e+00,6.756785869598388672e+00,-4.796534776687622070e-01,9.591788053512573242e-02,6.764654636383056641e+00
6.757619380950927734e+00,6.744243144989013672e+00,6.742575645446777344e+00,6.735221862792968750e+00,-4.915311038494110107e-01,6.546814739704132080e-02,6.743765830993652344e+00
6.738025665283203125e+00,6.732448101043701172e+00,6.682014942169189453e+00,6.708975791931152344e+00,-1.106967329978942871e-01,9.606955051422119141e-01,6.707657814025878906e+00
6.709805488586425781e+00,6.726304531097412109e+00,6.677071571350097656e+00,6.717354774475097656e+00,-3.491801619529724121e-01,3.968867659568786621e-01,6.702112197875976562e+00
6.718184947967529297e+00,6.735396862030029297e+00,6.737631797790527344e+00,6.733004093170166016e+00,-4.426660537719726562e-01,1.811404228210449219e-01,6.736864566802978516e+00
6.739134788513183594e+00,6.707136631011962891e+00,6.714148998260498047e+00,6.699610710144042969e+00,-5.889040231704711914e-01,-1.663718521595001221e-01,6.710985183715820312e+00
6.692553043365478516e+00,6.672733306884765625e+00,6.696104526519775391e+00,6.674843311309814453e+00,-4.981773793697357178e-01,4.538670554757118225e-02,6.684735774993896484e+00
6.675670146942138672e+00,6.680351257324218750e+00,6.677071571350097656e+00,6.703800678253173828e+00,-5.026575326919555664e-01,3.402639925479888916e-02,6.679066658020019531e+00
6.704629421234130859e+00,6.676419258117675781e+00,6.693756580352783203e+00,6.677924156188964844e+00,-5.309568047523498535e-01,-3.144861385226249695e-02,6.685413360595703125e+00
6.678750991821289062e+00,6.681579589843750000e+00,6.697463989257812500e+00,6.684208393096923828e+00,-5.713679790496826172e-01,-1.265897750854492188e-01,6.689849853515625000e+00
6.686021804809570312e+00,6.681825637817382812e+00,6.707104206085205078e+00,6.702322006225585938e+00,-5.957006812095642090e-01,-1.831113696098327637e-01,6.694779396057128906e+00
6.705615520477294922e+00,6.707136631011962891e+00,6.723295211791992188e+00,6.706264972686767578e+00,-5.381135940551757812e-01,-4.609348252415657043e-02,6.715544700622558594e+00
6.707094192504882812e+00,6.705539226531982422e+00,6.688194751739501953e+00,6.663506984710693359e+00,-4.722740054130554199e-01,1.066324263811111450e-01,6.697244167327880859e+00
6.664086341857910156e+00,6.661183357238769531e+00,6.690172195434570312e+00,6.680388450622558594e+00,-6.715027093887329102e-01,-3.627229034900665283e-01,6.675985813140869141e+00
6.688609600067138672e+00,6.698412895202636719e+00,6.676330089569091797e+00,6.668066024780273438e+00,-3.687546253204345703e-01,3.505983650684356689e-01,6.687755107879638672e+00
6.668892383575439453e+00,6.696324348449707031e+00,6.651116847991943359e+00,6.713042259216308594e+00,-9.226719848811626434e-03,1.191992521286010742e+00,6.674137115478515625e+00
6.713871955871582031e+00,6.731710433959960938e+00,6.662487506866455078e+00,6.639602184295654297e+00,-7.874371111392974854e-02,1.034075856208801270e+00,6.697552204132080078e+00
6.643753051757812500e+00,6.644964694976806641e+00,6.609960556030273438e+00,6.600171089172363281e+00,1.488213986158370972e-01,1.551844835281372070e+00,6.627861976623535156e+00
6.600868701934814453e+00,6.612404346466064453e+00,6.609713554382324219e+00,6.622474193572998047e+00,-5.600273609161376953e-01,-1.045202836394309998e-01,6.611410140991210938e+00
6.623789787292480469e+00,6.634397983551025391e+00,6.636285781860351562e+00,6.653649330139160156e+00,-7.072368860244750977e-01,-4.480901062488555908e-01,6.635687351226806641e+00
6.654474258422851562e+00,6.632431983947753906e+00,6.660386562347412109e+00,6.648104190826416016e+00,-7.685217261314392090e-01,-5.914652943611145020e-01,6.646717071533203125e+00
6.648805618286132812e+00,6.623708248138427734e+00,6.658656120300292969e+00,6.627526283264160156e+00,-6.447114944458007812e-01,-3.013193011283874512e-01,6.641479492187500000e+00
6.628349304199218750e+00,6.637960910797119141e+00,6.659274101257324219e+00,6.653033256530761719e+00,-7.600112557411193848e-01,-5.713715553283691406e-01,6.648935317993164062e+00
6.659526824951171875e+00,6.637715339660644531e+00,6.662364006042480469e+00,6.659933567047119141e+00,-6.867998242378234863e-01,-3.995286822319030762e-01,6.650352478027343750e+00
6.660758972167968750e+00,6.629114627838134766e+00,6.663105487823486328e+00,6.648474216461181641e+00,-6.942303776741027832e-01,-4.172624647617340088e-01,6.646409034729003906e+00
6.649298667907714844e+00,6.638452529907226562e+00,6.668419837951660156e+00,6.637383937835693359e+00,-6.834625005722045898e-01,-3.917786180973052979e-01,6.653741836547851562e+00
6.638700485229492188e+00,6.634029388427734375e+00,6.552243232727050781e+00,6.559015274047851562e+00,5.698458552360534668e-01,2.523641824722290039e+00,6.593602180480957031e+00
6.560448646545410156e+00,6.543965816497802734e+00,6.490447044372558594e+00,6.458836078643798828e+00,8.646148443222045898e-01,3.186245203018188477e+00,6.517626762390136719e+00
6.459644794464111328e+00,6.551460742950439453e+00,6.483031272888183594e+00,6.508370876312255859e+00,3.219188749790191650e-02,1.260819315910339355e+00,6.517688751220703125e+00
6.509183883666992188e+00,6.498258113861083984e+00,6.506884574890136719e+00,6.508247852325439453e+00,-4.542942047119140625e-01,1.337440609931945801e-01,6.502900123596191406e+00
6.511402130126953125e+00,6.489779949188232422e+00,6.500334262847900391e+00,6.487176895141601562e+00,-4.420111179351806641e-01,1.604320108890533447e-01,6.495382785797119141e+00
6.487864971160888672e+00,6.471472740173339844e+00,6.496626377105712891e+00,6.482001781463623047e+00,-5.334548354148864746e-01,-5.182512477040290833e-02,6.484353065490722656e+00
6.482812404632568359e+00,6.465697765350341797e+00,6.490447044372558594e+00,6.480769634246826172e+00,-4.804726243019104004e-01,7.007460296154022217e-02,6.478375911712646484e+00
6.481580257415771484e+00,6.471472740173339844e+00,6.509603500366210938e+00,6.482001781463623047e+00,-6.506364941596984863e-01,-3.221213519573211670e-01,6.490823268890380859e+00
6.482812404632568359e+00,6.465083122253417969e+00,6.499963283538818359e+00,6.494939804077148438e+00,-5.916644334793090820e-01,-1.862879991531372070e-01,6.482812881469726562e+00
6.495751857757568359e+00,6.464468955993652344e+00,6.515165328979492188e+00,6.487792968750000000e+00,-6.497998833656311035e-01,-3.203846514225006104e-01,6.490083694458007812e+00
6.488604068756103516e+00,6.463854789733886719e+00,6.490447044372558594e+00,6.460684299468994141e+00,-4.893165528774261475e-01,4.984733834862709045e-02,6.477451801300048828e+00
6.461493492126464844e+00,6.442106723785400391e+00,6.464739799499511719e+00,6.454153537750244141e+00,-1.286523789167404175e-01,8.790745139122009277e-01,6.453728675842285156e+00
6.458905220031738281e+00,6.493343353271484375e+00,6.478087425231933594e+00,6.497158050537109375e+00,-2.791765928268432617e-01,5.372924208641052246e-01,6.486078262329101562e+00
6.497970104217529297e+00,6.521726131439208984e+00,6.529007911682128906e+00,6.536096096038818359e+00,-3.205798566341400146e-01,4.455241262912750244e-01,6.525699138641357422e+00
6.536911010742187500e+00,6.530572891235351562e+00,6.532097339630126953e+00,6.520693302154541016e+00,-4.059768915176391602e-01,2.475679218769073486e-01,6.531675815582275391e+00
6.522369861602783203e+00,6.527992725372314453e+00,6.518008232116699219e+00,6.501717090606689453e+00,-6.008008718490600586e-01,-2.053088247776031494e-01,6.523357391357421875e+00
6.502529621124267578e+00,6.502312660217285156e+00,6.508985519409179688e+00,6.477072715759277344e+00,-6.857531070709228516e-01,-4.031425416469573975e-01,6.505980968475341797e+00
6.477883338928222656e+00,6.562887668609619141e+00,6.502929687500000000e+00,6.554825782775878906e+00,-5.202763080596923828e-01,-1.719529740512371063e-02,6.533339500427246094e+00
6.555642604827880859e+00,6.550846576690673828e+00,6.502806186676025391e+00,6.532399177551269531e+00,-5.171984434127807617e-01,-1.128725148737430573e-02,6.527239322662353516e+00
6.526682853698730469e+00,6.518531799316406250e+00,6.538648128509521484e+00,6.538683414459228516e+00,-7.654343247413635254e-01,-5.868548750877380371e-01,6.528903007507324219e+00
6.541100978851318359e+00,6.521603584289550781e+00,6.539884090423583984e+00,6.531660079956054688e+00,-7.454370856285095215e-01,-5.405685305595397949e-01,6.531059741973876953e+00
6.532474994659423828e+00,6.532292842864990234e+00,6.552243232727050781e+00,6.553470134735107422e+00,-7.079186439514160156e-01,-4.529800415039062500e-01,6.542582511901855469e+00
6.554286956787109375e+00,6.546545982360839844e+00,6.570782184600830078e+00,6.555195331573486328e+00,-6.642504334449768066e-01,-3.507096767425537109e-01,6.558972835540771484e+00
6.555519104003906250e+00,6.563133239746093750e+00,6.584006309509277344e+00,6.581687927246093750e+00,-4.691326320171356201e-01,1.051650568842887878e-01,6.573884487152099609e+00
6.582507133483886719e+00,6.612526893615722656e+00,6.611690998077392578e+00,6.635535717010498047e+00,-2.379712164402008057e-01,6.497410535812377930e-01,6.612457275390625000e+00
6.636359214782714844e+00,6.606383323669433594e+00,6.615398883819580078e+00,6.618284702301025391e+00,-5.000244379043579102e-01,3.560277819633483887e-02,6.611225128173828125e+00
6.619229793548583984e+00,6.617933273315429688e+00,6.618612289428710938e+00,6.648843765258789062e+00,-4.429595172405242920e-01,1.699206978082656860e-01,6.618619441986083984e+00
6.649668216705322266e+00,6.689934730529785156e+00,6.675835609436035156e+00,6.667696475982666016e+00,-2.520023584365844727e-01,6.252455115318298340e-01,6.683256626129150391e+00
6.668522834777832031e+00,6.643858909606933594e+00,6.662611007690429688e+00,6.630730152130126953e+00,-5.281313061714172363e-01,-2.739806286990642548e-02,6.653556823730468750e+00
6.631553173065185547e+00,6.621742248535156250e+00,6.649633884429931641e+00,6.650075912475585938e+00,-6.493680477142333984e-01,-3.126851618289947510e-01,6.635995864868164062e+00
6.650900363922119141e+00,6.624691009521484375e+00,6.652847290039062500e+00,6.651924133300781250e+00,-6.897453665733337402e-01,-4.068063795566558838e-01,6.639076709747314453e+00
6.651516914367675781e+00,6.621250629425048828e+00,6.666071891784667969e+00,6.643422126770019531e+00,-7.053662538528442383e-01,-4.434254467487335205e-01,6.643944263458251953e+00
6.634510517120361328e+00,6.618547439575195312e+00,6.616263866424560547e+00,6.589943885803222656e+00,-5.339483022689819336e-01,-4.351890832185745239e-02,6.617756843566894531e+00
6.591502666473388672e+00,6.587953090667724609e+00,6.614286422729492188e+00,6.598938941955566406e+00,-6.085920333862304688e-01,-2.187988758087158203e-01,6.601427555084228516e+00
6.599759578704833984e+00,6.578000545501708984e+00,6.564602375030517578e+00,6.568503379821777344e+00,-3.893364965915679932e-01,2.893365621566772461e-01,6.571666240692138672e+00
6.569197654724121094e+00,6.538067817687988281e+00,6.532344818115234375e+00,6.515271663665771484e+00,-1.174643710255622864e-01,9.169924855232238770e-01,6.535557746887207031e+00
6.518179893493652344e+00,6.523937702178955078e+00,6.546928405761718750e+00,6.533754825592041016e+00,-5.377094149589538574e-01,-5.801912397146224976e-02,6.535742759704589844e+00
6.534569740295410156e+00,6.541262626647949219e+00,6.552243232727050781e+00,6.556674003601074219e+00,-5.066702961921691895e-01,1.530082803219556808e-02,6.547080516815185547e+00
6.557983875274658203e+00,6.526763916015625000e+00,6.539884090423583984e+00,6.524759292602539062e+00,-4.499495029449462891e-01,1.450017392635345459e-01,6.533647537231445312e+00
6.534816265106201172e+00,6.506490230560302734e+00,6.539884090423583984e+00,6.519461154937744141e+00,-6.248711943626403809e-01,-2.611830234527587891e-01,6.523480892181396484e+00
6.520274639129638672e+00,6.526395320892333984e+00,6.547422885894775391e+00,6.538806915283203125e+00,-7.381248474121093750e-01,-5.233397483825683594e-01,6.537221431732177734e+00
6.544428348541259766e+00,6.521480560302734375e+00,6.554838657379150391e+00,6.548541069030761719e+00,-7.986438870429992676e-01,-6.638981103897094727e-01,6.538454055786132812e+00
6.549357414245605469e+00,6.545808792114257812e+00,6.567939281463623047e+00,6.574417591094970703e+00,-8.032466173171997070e-01,-6.743146777153015137e-01,6.557186126708984375e+00
6.568458557128906250e+00,6.543965816497802734e+00,6.584871292114257812e+00,6.564313888549804688e+00,-8.301473259925842285e-01,-7.368466854095458984e-01,6.564703464508056641e+00
6.558476924896240234e+00,6.533767700195312500e+00,6.571770668029785156e+00,6.556920528411865234e+00,-8.244976997375488281e-01,-7.238074541091918945e-01,6.553057670593261719e+00
6.551822185516357422e+00,6.540402412414550781e+00,6.553231716156005859e+00,6.530057907104492188e+00,-7.458140850067138672e-01,-5.410603284835815430e-01,6.547142028808593750e+00
6.523602008819580078e+00,6.505876064300537109e+00,6.490447044372558594e+00,6.464011192321777344e+00,-1.754055768251419067e-01,7.764098048210144043e-01,6.498525142669677734e+00
6.464943885803222656e+00,6.438543319702148438e+00,6.447560310363769531e+00,6.462285995483398438e+00,2.784344255924224854e-01,1.814987659454345703e+00,6.443377017974853516e+00
6.463465213775634766e+00,6.471349716186523438e+00,6.467211723327636719e+00,6.468324184417724609e+00,-1.502483934164047241e-01,8.316946625709533691e-01,6.469626426696777344e+00
6.469133853912353516e+00,6.456974029541015625e+00,6.468200206756591797e+00,6.469309806823730469e+00,-3.794516026973724365e-01,3.021603226661682129e-01,6.462910175323486328e+00
6.470119476318359375e+00,6.454024791717529297e+00,6.428650856018066406e+00,6.403386116027832031e+00,4.300732016563415527e-01,2.157736063003540039e+00,6.441713333129882812e+00
6.404190540313720703e+00,6.377600193023681641e+00,6.317417621612548828e+00,6.286079406738281250e+00,2.084190130233764648e+00,5.922865390777587891e+00,6.347930431365966797e+00
6.286873817443847656e+00,6.329926490783691406e+00,6.311237812042236328e+00,6.317377567291259766e+00,3.854446709156036377e-01,2.028580904006958008e+00,6.320941448211669922e+00
6.318421363830566406e+00,6.293925762176513672e+00,6.292822837829589844e+00,6.299757003784179688e+00,7.301539182662963867e-01,2.804032325744628906e+00,6.293706417083740234e+00
6.300675868988037109e+00,6.271563529968261719e+00,6.244497776031494141e+00,6.239624977111816406e+00,1.208844661712646484e+00,3.873636007308959961e+00,6.258399009704589844e+00
6.240415573120117188e+00,6.305352687835693359e+00,6.243262290954589844e+00,6.333026885986328125e+00,3.777228295803070068e-01,1.997077584266662598e+00,6.274727821350097656e+00
6.331360340118408203e+00,6.325380325317382812e+00,6.308765888214111328e+00,6.331794738769531250e+00,-1.723446100950241089e-01,7.587658166885375977e-01,6.317429065704345703e+00
6.332592964172363281e+00,6.325257301330566406e+00,6.310372829437255859e+00,6.335368156433105469e+00,-4.086415171623229980e-01,2.199667692184448242e-01,6.318168640136718750e+00
6.336412906646728516e+00,6.325380325317382812e+00,6.332619190216064453e+00,6.303206920623779297e+00,-4.583473503589630127e-01,1.090565025806427002e-01,6.329321384429931641e+00
6.304003238677978516e+00,6.273283481597900391e+00,6.277249813079833984e+00,6.256136417388916016e+00,-8.735621720552444458e-02,9.449569582939147949e-01,6.275590419769287109e+00
6.256928443908691406e+00,6.327469348907470703e+00,6.275025367736816406e+00,6.343993663787841797e+00,-2.052932977676391602e-02,1.100963950157165527e+00,6.301654815673828125e+00
6.344053268432617188e+00,6.327469348907470703e+00,6.245857715606689453e+00,6.236174583435058594e+00,1.689006537199020386e-01,1.525771379470825195e+00,6.287113189697265625e+00
6.236964702606201172e+00,6.345899581909179688e+00,6.250677585601806641e+00,6.351633071899414062e+00,1.599943190813064575e-01,1.514949560165405273e+00,6.298758983612060547e+00
6.355390548706054688e+00,6.385218143463134766e+00,6.365742206573486328e+00,6.415338993072509766e+00,-3.256737589836120605e-01,4.168953001499176025e-01,6.375843524932861328e+00
6.416143894195556641e+00,6.391361236572265625e+00,6.391943931579589844e+00,6.378002643585205078e+00,-4.994250535964965820e-01,2.056105621159076691e-02,6.391987323760986328e+00
6.378188610076904297e+00,6.403648376464843750e+00,6.407021999359130859e+00,6.427537918090820312e+00,-6.370170116424560547e-01,-2.947428524494171143e-01,6.405666828155517578e+00
6.427974224090576172e+00,6.397627830505371094e+00,6.391819953918457031e+00,6.395869731903076172e+00,-7.355730533599853516e-01,-5.215583443641662598e-01,6.395068168640136719e+00
6.394824981689453125e+00,6.382268905639648438e+00,6.366360187530517578e+00,6.412504673004150391e+00,-6.467430591583251953e-01,-3.191530108451843262e-01,6.374672412872314453e+00
6.415650844573974609e+00,6.408071517944335938e+00,6.428650856018066406e+00,6.406343460083007812e+00,-6.687168478965759277e-01,-3.669362366199493408e-01,6.418668270111083984e+00
6.407147884368896484e+00,6.413232326507568359e+00,6.416291236877441406e+00,6.438504219055175781e+00,-5.541309118270874023e-01,-1.041218340396881104e-01,6.415094375610351562e+00
6.439311504364013672e+00,6.575420379638671875e+00,6.459548950195312500e+00,6.590682983398437500e+00,4.239612221717834473e-01,2.176670551300048828e+00,6.517996788024902344e+00
6.591502666473388672e+00,6.612526893615722656e+00,6.577208995819091797e+00,6.569489002227783203e+00,3.877876698970794678e-01,2.109748125076293945e+00,6.595265865325927734e+00
6.570306777954101562e+00,6.678876876831054688e+00,6.538524150848388672e+00,6.680018901824951172e+00,9.160522222518920898e-01,3.345820903778076172e+00,6.609253406524658203e+00
6.678381443023681641e+00,6.653811454772949219e+00,6.539760112762451172e+00,6.507754802703857422e+00,1.968913972377777100e-01,1.665388941764831543e+00,6.597299575805664062e+00
6.508691310882568359e+00,6.520006179809570312e+00,6.471166610717773438e+00,6.523773670196533203e+00,1.473361849784851074e-01,1.523436784744262695e+00,6.495998859405517578e+00
6.524588108062744141e+00,6.493220329284667969e+00,6.500581264495849609e+00,6.482248306274414062e+00,-4.025412201881408691e-01,2.515038251876831055e-01,6.497231483459472656e+00
6.488111495971679688e+00,6.465083122253417969e+00,6.415055751800537109e+00,6.401661396026611328e+00,-3.000083193182945251e-02,1.103764533996582031e+00,6.440480709075927734e+00
6.404806613922119141e+00,6.384234905242919922e+00,6.373899459838867188e+00,6.407822132110595703e+00,7.765274494886398315e-02,1.341310501098632812e+00,6.379417419433593750e+00
6.408750057220458984e+00,6.409914970397949219e+00,6.416662216186523438e+00,6.415708541870117188e+00,-4.478862881660461426e-01,1.401511281728744507e-01,6.413615226745605469e+00
6.417622566223144531e+00,6.386569499969482422e+00,6.392561912536621094e+00,6.372457504272460938e+00,-4.822428226470947266e-01,5.961953848600387573e-02,6.389892578125000000e+00
6.373259544372558594e+00,6.366787433624267578e+00,6.267980575561523438e+00,6.255520343780517578e+00,1.417703270912170410e+00,4.370645523071289062e+00,6.317860603332519531e+00
6.256435394287109375e+00,6.255836009979248047e+00,6.221756935119628906e+00,6.191198825836181641e+00,1.488436579704284668e+00,4.501201629638671875e+00,6.239173889160156250e+00
6.191985130310058594e+00,6.200913429260253906e+00,6.182701587677001953e+00,6.225700855255126953e+00,1.070500969886779785e+00,3.534292936325073242e+00,6.192159175872802734e+00
6.231419563293457031e+00,6.207056999206542969e+00,6.093591690063476562e+00,6.126630783081054688e+00,2.938408851623535156e+00,7.701223373413085938e+00,6.150813579559326172e+00
6.127288818359375000e+00,6.150167942047119141e+00,6.064053058624267578e+00,6.152999877929687500e+00,1.792455554008483887e+00,5.122351646423339844e+00,6.107557296752929688e+00
6.153783321380615234e+00,6.144024848937988281e+00,6.114726066589355469e+00,6.083995819091796875e+00,6.587918996810913086e-01,2.591716766357421875e+00,6.129740238189697266e+00
6.084773540496826172e+00,6.176339149475097656e+00,6.072704315185546875e+00,6.157066345214843750e+00,8.030682206153869629e-01,2.908597707748413086e+00,6.124995708465576172e+00
6.164874076843261719e+00,6.150659561157226562e+00,6.094951152801513672e+00,6.096810817718505859e+00,-4.326685890555381775e-02,1.015758514404296875e+00,6.123208522796630859e+00
6.094139099121093750e+00,6.089347362518310547e+00,6.064547538757324219e+00,6.035077095031738281e+00,3.072952032089233398e-01,1.787551879882812500e+00,6.077302932739257812e+00
6.035974025726318359e+00,6.037127971649169922e+00,6.022031784057617188e+00,6.022754669189453125e+00,5.714293718338012695e-01,2.364808082580566406e+00,6.029918670654296875e+00
6.023527622222900391e+00,6.009236335754394531e+00,5.994347095489501953e+00,5.999958992004394531e+00,3.676699101924896240e-02,1.173270821571350098e+00,6.002128601074218750e+00
6.014161586761474609e+00,5.990806102752685547e+00,5.885585784912109375e+00,5.865154266357421875e+00,1.020748019218444824e+00,3.321420907974243164e+00,5.938662052154541016e+00
5.865913867950439453e+00,5.947064399719238281e+00,5.888181209564208984e+00,5.941059112548828125e+00,3.610935509204864502e-01,1.873452782630920410e+00,5.918019771575927734e+00
5.941824913024902344e+00,6.018820285797119141e+00,5.971358776092529297e+00,6.004271507263183594e+00,2.637627422809600830e-01,1.679047346115112305e+00,5.995473861694335938e+00
6.005042552947998047e+00,6.118590831756591797e+00,6.017211437225341797e+00,6.052820682525634766e+00,5.239680409431457520e-01,2.271409749984741211e+00,6.068368434906005859e+00
6.046571731567382812e+00,6.053469657897949219e+00,6.021290302276611328e+00,6.044195175170898438e+00,-6.461887061595916748e-02,9.562069177627563477e-01,6.037744045257568359e+00
6.046818256378173828e+00,6.074971675872802734e+00,5.872484683990478516e+00,5.850121498107910156e+00,2.624622821807861328e+00,6.848283767700195312e+00,5.974339008331298828e+00
5.850879669189453125e+00,5.838447570800781250e+00,5.748892307281494141e+00,5.803050994873046875e+00,4.453803539276123047e+00,1.071707344055175781e+01,5.794105529785156250e+00
5.802326202392578125e+00,5.778732776641845703e+00,5.674736976623535156e+00,5.717411994934082031e+00,3.772945642471313477e+00,9.149103164672851562e+00,5.727188110351562500e+00
5.718282222747802734e+00,5.811416149139404297e+00,5.747038364410400391e+00,5.823628902435302734e+00,5.923876762390136719e-01,2.336297512054443359e+00,5.779625415802001953e+00
5.824754714965820312e+00,5.801586627960205078e+00,5.787082672119140625e+00,5.779515266418457031e+00,1.441586315631866455e-01,1.367901563644409180e+00,5.794660091400146484e+00
5.780391216278076172e+00,5.777012825012207031e+00,5.748521804809570312e+00,5.737127304077148438e+00,8.299780637025833130e-02,1.228077650070190430e+00,5.763111591339111328e+00
5.737875938415527344e+00,5.714963436126708984e+00,5.636423110961914062e+00,5.609592914581298828e+00,1.215315222740173340e+00,3.638734579086303711e+00,5.676106452941894531e+00
5.610331058502197266e+00,5.583247184753417969e+00,5.278005123138427734e+00,5.315463066101074219e+00,1.149881649017333984e+01,2.498063850402832031e+01,5.431358814239501953e+00
5.316053390502929688e+00,5.334681510925292969e+00,5.193344593048095703e+00,5.321131229400634766e+00,7.124241352081298828e+00,1.557635688781738281e+01,5.264496803283691406e+00
5.321845531463623047e+00,5.388129711151123047e+00,5.301487922668457031e+00,5.310164451599121094e+00,2.852298736572265625e+00,6.900292396545410156e+00,5.345216751098632812e+00
5.310138225555419922e+00,5.393904685974121094e+00,5.266881942749023438e+00,5.414040088653564453e+00,1.618046045303344727e+00,4.325680732727050781e+00,5.330859661102294922e+00
5.413529872894287109e+00,5.479913711547851562e+00,5.404069423675537109e+00,5.506702899932861328e+00,2.048051357269287109e+00,5.286314487457275391e+00,5.442388534545898438e+00
5.508295059204101562e+00,5.542331218719482422e+00,5.469573497772216797e+00,5.465300559997558594e+00,2.424432039260864258e+00,6.127089977264404297e+00,5.506348133087158203e+00
5.466026782989501953e+00,5.447598934173583984e+00,5.364520072937011719e+00,5.338135719299316406e+00,1.307560801506042480e+00,3.715217828750610352e+00,5.406465053558349609e+00
5.339097976684570312e+00,5.383829593658447266e+00,5.347217082977294922e+00,5.398514270782470703e+00,4.299147725105285645e-01,1.873274803161621094e+00,5.365858554840087891e+00
5.399235248565673828e+00,5.376211643218994141e+00,5.295802593231201172e+00,5.281700134277343750e+00,5.659022927284240723e-01,2.137969970703125000e+00,5.336405277252197266e+00
5.281425476074218750e+00,5.343159675598144531e+00,5.297903537750244141e+00,5.306591033935546875e+00,-1.359140127897262573e-01,6.880982518196105957e-01,5.320877552032470703e+00
5.307303905487060547e+00,5.376457214355468750e+00,5.285420894622802734e+00,5.372761249542236328e+00,-1.706826537847518921e-01,6.161503195762634277e-01,5.331352233886718750e+00
5.373602867126464844e+00,5.739414691925048828e+00,5.385406970977783203e+00,5.644834518432617188e+00,3.219115972518920898e+00,7.852106094360351562e+00,5.563221931457519531e+00
5.645452022552490234e+00,5.689283847808837891e+00,5.334857940673828125e+00,5.317311286926269531e+00,1.631475567817687988e+00,4.439585208892822266e+00,5.512879848480224609e+00
5.317286014556884766e+00,5.420567512512207031e+00,5.328801631927490234e+00,5.415765285491943359e+00,2.922859489917755127e-01,1.591054439544677734e+00,5.375101566314697266e+00
5.416487693786621094e+00,5.530904769897460938e+00,5.417294025421142578e+00,5.509660243988037109e+00,5.726106762886047363e-01,2.207736253738403320e+00,5.474553108215332031e+00
5.510759830474853516e+00,5.543560028076171875e+00,5.529145240783691406e+00,5.532209873199462891e+00,6.243119239807128906e-01,2.332917451858520508e+00,5.536664485931396484e+00
5.532941341400146484e+00,5.580420970916748047e+00,5.522100448608398438e+00,5.595915317535400391e+00,5.223712921142578125e-01,2.117741584777832031e+00,5.551637649536132812e+00
5.596652507781982422e+00,5.623425483703613281e+00,5.400485515594482422e+00,5.405045032501220703e+00,2.410864591598510742e+00,6.087055206298828125e+00,5.512571811676025391e+00
5.405766487121582031e+00,5.414546966552734375e+00,5.271825790405273438e+00,5.262600898742675781e+00,1.700068950653076172e+00,4.492852210998535156e+00,5.343676090240478516e+00
5.263310432434082031e+00,5.315759658813476562e+00,5.277758121490478516e+00,5.311520099639892578e+00,4.149377644062042236e-01,1.824037194252014160e+00,5.297092914581298828e+00
5.312233448028564453e+00,5.325220584869384766e+00,5.321262836456298828e+00,5.323965549468994141e+00,-1.771322786808013916e-01,6.039428710937500000e-01,5.323526859283447266e+00
5.325665473937988281e+00,5.310107707977294922e+00,5.291600704193115234e+00,5.274799823760986328e+00,-3.737398236989974976e-02,8.891852498054504395e-01,5.301159381866455078e+00
5.276003360748291016e+00,5.270051956176757812e+00,5.267005443572998047e+00,5.278742790222167969e+00,6.131304427981376648e-02,1.086431503295898438e+00,5.268809795379638672e+00
5.279453754425048828e+00,5.305438518524169922e+00,5.296544075012207031e+00,5.324951171875000000e+00,-3.260781168937683105e-01,2.932394444942474365e-01,5.301282882690429688e+00
5.325665473937988281e+00,5.355814933776855469e+00,5.353396892547607422e+00,5.345775604248046875e+00,-2.257722914218902588e-01,5.076240301132202148e-01,5.354890823364257812e+00
5.343041419982910156e+00,5.383829593658447266e+00,5.369587421417236328e+00,5.391613960266113281e+00,-1.208726167678833008e-01,7.298794984817504883e-01,5.377011775970458984e+00
5.392333984375000000e+00,5.371296882629394531e+00,5.358216762542724609e+00,5.364258766174316406e+00,-3.591454327106475830e-01,2.305061817169189453e-01,5.365057468414306641e+00
5.363621234893798828e+00,5.370682239532470703e+00,5.356610298156738281e+00,5.379415035247802734e+00,-2.905032038688659668e-01,3.730400204658508301e-01,5.363948345184326172e+00
5.380380630493164062e+00,5.531273365020751953e+00,5.408148288726806641e+00,5.549091339111328125e+00,1.698084950447082520e+00,4.579241275787353516e+00,5.470178604125976562e+00
5.549824237823486328e+00,5.627111434936523438e+00,5.501707553863525391e+00,5.480210304260253906e+00,2.281692266464233398e+00,5.862791538238525391e+00,5.564885616302490234e+00
5.480937957763671875e+00,5.508788108825683594e+00,5.464629650115966797e+00,5.459755420684814453e+00,4.183861911296844482e-01,1.880690217018127441e+00,5.487061977386474609e+00
5.464917659759521484e+00,5.582018375396728516e+00,5.465865612030029297e+00,5.559441566467285156e+00,3.448729813098907471e-01,1.739875197410583496e+00,5.524402618408203125e+00
5.560175895690917969e+00,5.612490177154541016e+00,5.573638439178466797e+00,5.613535881042480469e+00,1.451699286699295044e-01,1.331886529922485352e+00,5.593414783477783203e+00
5.614274501800537109e+00,5.592708110809326172e+00,5.580188751220703125e+00,5.570285320281982422e+00,-4.573341310024261475e-01,4.477085918188095093e-02,5.586760044097900391e+00
5.570897102355957031e+00,5.586564540863037109e+00,5.577098846435546875e+00,5.603431701660156250e+00,-6.073291301727294922e-01,-2.730057537555694580e-01,5.582138538360595703e+00
5.604169368743896484e+00,5.629569053649902344e+00,5.600581645965576172e+00,5.636948108673095703e+00,-4.087607264518737793e-01,1.530425548553466797e-01,5.615412712097167969e+00
5.627460479736328125e+00,5.610892772674560547e+00,5.620232582092285156e+00,5.636701583862304688e+00,-4.663700163364410400e-01,2.938629128038883209e-02,5.615843772888183594e+00
5.640399932861328125e+00,5.626374244689941406e+00,5.552875041961669922e+00,5.527034282684326172e+00,-2.989643514156341553e-01,3.830919563770294189e-01,5.590025901794433594e+00
5.533557891845703125e+00,5.629569053649902344e+00,5.554728507995605469e+00,5.569053173065185547e+00,-1.452093124389648438e-01,7.102296948432922363e-01,5.592552185058593750e+00
5.572006225585937500e+00,5.615807533264160156e+00,5.597862243652343750e+00,5.633005142211914062e+00,-1.954437494277954102e-01,6.072201132774353027e-01,5.607155799865722656e+00
5.633622169494628906e+00,5.604995250701904297e+00,5.564739704132080078e+00,5.544039249420166016e+00,-2.660193741321563721e-01,4.533756971359252930e-01,5.585219860076904297e+00
5.546989917755126953e+00,5.561499118804931641e+00,5.539650440216064453e+00,5.569545745849609375e+00,1.420275419950485229e-01,1.313711404800415039e+00,5.550898075103759766e+00
5.570281028747558594e+00,5.597008705139160156e+00,5.595884799957275391e+00,5.592341899871826172e+00,-1.090970113873481750e-01,7.893930077552795410e-01,5.596742153167724609e+00
5.592955589294433594e+00,5.681788444519042969e+00,5.617884635925292969e+00,5.695601463317871094e+00,9.186201095581054688e-01,3.005072593688964844e+00,5.650227069854736328e+00
5.696346759796142578e+00,5.783278942108154297e+00,5.725039005279541016e+00,5.740331172943115234e+00,1.568114042282104492e+00,4.440210342407226562e+00,5.754546642303466797e+00
5.740956783294677734e+00,5.714349269866943359e+00,5.695747852325439453e+00,5.682170391082763672e+00,1.570890098810195923e-01,1.377974867820739746e+00,5.705375194549560547e+00
5.682914733886718750e+00,5.673064708709716797e+00,5.666209220886230469e+00,5.695231914520263672e+00,1.008568853139877319e-01,1.250398516654968262e+00,5.669944763183593750e+00
5.695977210998535156e+00,5.673310756683349609e+00,5.661018371582031250e+00,5.631649494171142578e+00,-1.844430267810821533e-01,6.377854347229003906e-01,5.667479991912841797e+00
5.632389545440673828e+00,5.654142856597900391e+00,5.652614116668701172e+00,5.636209011077880859e+00,-1.482341587543487549e-01,7.133026123046875000e-01,5.653677463531494141e+00
5.639906883239746094e+00,5.634729385375976562e+00,5.656816005706787109e+00,5.630417346954345703e+00,-2.911434769630432129e-01,4.067632853984832764e-01,5.646036624908447266e+00
5.632759571075439453e+00,5.691740989685058594e+00,5.656692504882812500e+00,5.704350471496582031e+00,2.234193384647369385e-01,1.513934612274169922e+00,5.674566268920898438e+00
5.705096244812011719e+00,5.681174278259277344e+00,5.621963024139404297e+00,5.609592914581298828e+00,2.557910084724426270e-01,1.576012492179870605e+00,5.651952266693115234e+00
5.615630149841308594e+00,5.654142856597900391e+00,5.624434947967529297e+00,5.659004688262939453e+00,-3.314257860183715820e-01,3.188009858131408691e-01,5.639628410339355469e+00
5.659993648529052734e+00,5.843607902526855469e+00,5.633827686309814453e+00,5.858870029449462891e+00,2.464648723602294922e+00,6.394858360290527344e+00,5.739326953887939453e+00
5.858026981353759766e+00,6.078043460845947266e+00,5.857653617858886719e+00,6.081161975860595703e+00,5.744034767150878906e+00,1.379073333740234375e+01,5.968485355377197266e+00
6.081939220428466797e+00,6.131983280181884766e+00,6.002256870269775391e+00,6.034090995788574219e+00,2.873431444168090820e+00,7.500746250152587891e+00,6.067628860473632812e+00
6.034618377685546875e+00,6.025824069976806641e+00,5.984953880310058594e+00,6.039389610290527344e+00,5.750012397766113281e-01,2.367258071899414062e+00,6.005764007568359375e+00
6.028210163116455078e+00,6.075954914093017578e+00,6.036615371704101562e+00,6.044688224792480469e+00,2.347376383841037750e-02,1.156052947044372559e+00,6.056660652160644531e+00
6.045462608337402344e+00,6.044622898101806641e+00,6.040941238403320312e+00,6.056271076202392578e+00,-5.619608759880065918e-01,-1.464896649122238159e-01,6.043104648590087891e+00
6.053965568542480469e+00,6.047326087951660156e+00,6.068873405456542969e+00,6.061323165893554688e+00,-7.141724824905395508e-01,-4.840752482414245605e-01,6.058386325836181641e+00
6.055937290191650391e+00,6.076077461242675781e+00,6.057873249053955078e+00,6.103711605072021484e+00,-6.157309412956237793e-01,-2.648780941963195801e-01,6.067320823669433594e+00
6.106215953826904297e+00,6.305352687835693359e+00,6.125849246978759766e+00,6.273633956909179688e+00,1.469202637672424316e+00,4.460603713989257812e+00,6.216190338134765625e+00
6.274304389953613281e+00,6.274635314941406250e+00,6.194072246551513672e+00,6.283245086669921875e+00,9.784488677978515625e-01,3.347928285598754883e+00,6.234799385070800781e+00
6.274550437927246094e+00,6.337913036346435547e+00,6.305058479309082031e+00,6.277946949005126953e+00,1.268036365509033203e+00,4.038055419921875000e+00,6.321866035461425781e+00
6.278740406036376953e+00,6.344793796539306641e+00,6.292698860168457031e+00,6.309614658355712891e+00,6.377515196800231934e-01,2.604674816131591797e+00,6.319154739379882812e+00
6.310410976409912109e+00,6.354377746582031250e+00,6.341023445129394531e+00,6.370855808258056641e+00,7.868582606315612793e-01,2.953878641128540039e+00,6.348053455352783203e+00
6.371657371520996094e+00,6.376616954803466797e+00,6.325574398040771484e+00,6.310846805572509766e+00,9.569306373596191406e-01,3.344698667526245117e+00,6.351504325866699219e+00
6.311520099639892578e+00,6.282744407653808594e+00,6.170342445373535156e+00,6.184175014495849609e+00,2.180059671401977539e+00,6.040203094482421875e+00,6.227035522460937500e+00
6.184961318969726562e+00,6.194769859313964844e+00,6.202476501464843750e+00,6.213255405426025391e+00,-2.252862900495529175e-01,6.217056512832641602e-01,6.198937416076660156e+00
6.213920593261718750e+00,6.293065547943115234e+00,6.242396831512451172e+00,6.305055618286132812e+00,4.601224139332771301e-02,1.245912909507751465e+00,6.268134593963623047e+00
6.295992851257324219e+00,6.316533565521240234e+00,6.299867153167724609e+00,6.346580982208251953e+00,-2.063688188791275024e-01,6.796066761016845703e-01,6.308556079864501953e+00
6.345778465270996094e+00,6.317639827728271484e+00,6.278485774993896484e+00,6.254411220550537109e+00,-2.508696317672729492e-01,5.775747895240783691e-01,6.298450946807861328e+00
6.255203247070312500e+00,6.274757862091064453e+00,6.285530567169189453e+00,6.277700424194335938e+00,-4.797766506671905518e-01,5.538580566644668579e-02,6.280458450317382812e+00
6.278493881225585938e+00,6.285447597503662109e+00,6.305058479309082031e+00,6.308998584747314453e+00,-5.674555897712707520e-01,-1.423176229000091553e-01,6.295554637908935547e+00
6.302401065826416016e+00,6.298594951629638672e+00,6.321249008178710938e+00,6.319225788116455078e+00,-4.287519752979278564e-01,1.745837330818176270e-01,6.310219764709472656e+00
6.319900035858154297e+00,6.488428592681884766e+00,6.339787960052490234e+00,6.518352031707763672e+00,7.443409562110900879e-01,2.877705335617065430e+00,6.414662837982177734e+00
6.515592098236083984e+00,6.504770278930664062e+00,6.444717884063720703e+00,6.450826644897460938e+00,1.492816448211669922e+00,4.634232521057128906e+00,6.475172042846679688e+00
6.451634883880615234e+00,6.456974029541015625e+00,6.477716922760009766e+00,6.473129749298095703e+00,5.067436397075653076e-02,1.295251727104187012e+00,6.467654705047607422e+00
6.478622436523437500e+00,6.461151599884033203e+00,6.392437934875488281e+00,6.419528484344482422e+00,2.909821271896362305e-01,1.839659333229064941e+00,6.427233219146728516e+00
6.418485164642333984e+00,6.446652889251708984e+00,6.410111904144287109e+00,6.457480430603027344e+00,-2.540258169174194336e-01,5.875708460807800293e-01,6.428773403167724609e+00
6.456563949584960938e+00,6.427116394042968750e+00,6.413819789886474609e+00,6.397594928741455078e+00,-4.631863534450531006e-01,1.044109687209129333e-01,6.420824527740478516e+00
6.398028850555419922e+00,6.374159812927246094e+00,6.395898818969726562e+00,6.396978855133056641e+00,-5.937365889549255371e-01,-1.968187838792800903e-01,6.385332584381103516e+00
6.393469333648681641e+00,6.371579647064208984e+00,6.381067752838134766e+00,6.365803718566894531e+00,-6.504408121109008789e-01,-3.273342847824096680e-01,6.376644611358642578e+00
6.366358280181884766e+00,6.395047664642333984e+00,6.388236045837402344e+00,6.423964500427246094e+00,-7.083678841590881348e-01,-4.587736129760742188e-01,6.391987323760986328e+00
6.424770355224609375e+00,6.436823368072509766e+00,6.429639339447021484e+00,6.458836078643798828e+00,-7.223187685012817383e-01,-4.900943934917449951e-01,6.433579921722412109e+00
6.449416637420654297e+00,6.459431171417236328e+00,6.463627338409423828e+00,6.435300827026367188e+00,-6.483814120292663574e-01,-3.182577192783355713e-01,6.461862564086914062e+00
6.436107635498046875e+00,6.444195270538330078e+00,6.432482242584228516e+00,6.448978424072265625e+00,-5.841659903526306152e-01,-1.714824736118316650e-01,6.438694000244140625e+00
6.447814464569091797e+00,6.418638706207275391e+00,6.428650856018066406e+00,6.396978855133056641e+00,-6.147916316986083984e-01,-2.432748377323150635e-01,6.423967361450195312e+00
6.397782325744628906e+00,6.422079086303710938e+00,6.428403377532958984e+00,6.434314727783203125e+00,-6.031923294067382812e-01,-2.159480154514312744e-01,6.425569534301757812e+00
6.435121536254882812e+00,6.460045814514160156e+00,6.400471687316894531e+00,6.390940666198730469e+00,1.590194106101989746e-01,1.536418557167053223e+00,6.430683612823486328e+00
6.391744136810302734e+00,6.360889911651611328e+00,6.222374916076660156e+00,6.297169208526611328e+00,1.755935192108154297e+00,5.125227928161621094e+00,6.292165756225585938e+00
6.297841548919677734e+00,6.305352687835693359e+00,6.288249492645263672e+00,6.261065483093261719e+00,-7.465805113315582275e-02,9.783633351325988770e-01,6.297156810760498047e+00
6.265800952911376953e+00,6.261856555938720703e+00,6.259699821472167969e+00,6.272894859313964844e+00,-3.877963125705718994e-01,2.625503242015838623e-01,6.261110305786132812e+00
6.274550437927246094e+00,6.297366142272949219e+00,6.302586555480957031e+00,6.301482200622558594e+00,-5.799468755722045898e-01,-1.702887713909149170e-01,6.300299644470214844e+00
6.302277565002441406e+00,6.305107116699218750e+00,6.318159103393554688e+00,6.305055618286132812e+00,-5.354095697402954102e-01,-6.860310584306716919e-02,6.311945438385009766e+00
6.305851459503173828e+00,6.305229663848876953e+00,6.322484970092773438e+00,6.324647903442382812e+00,-6.609607338905334473e-01,-3.538018763065338135e-01,6.314163684844970703e+00
6.319900035858154297e+00,6.395416259765625000e+00,6.350169658660888672e+00,6.388229846954345703e+00,-2.053943574428558350e-01,6.934511661529541016e-01,6.373193740844726562e+00
6.382748126983642578e+00,6.381040573120117188e+00,6.385146141052246094e+00,6.374306201934814453e+00,-4.449090361595153809e-01,1.443737894296646118e-01,6.383422374725341797e+00
6.375107765197753906e+00,6.350200176239013672e+00,6.370068073272705078e+00,6.372334480285644531e+00,-5.880041122436523438e-01,-1.850835531949996948e-01,6.360438823699951172e+00
6.376339912414550781e+00,6.367402076721191406e+00,6.387988567352294922e+00,6.380713462829589844e+00,-6.372933387756347656e-01,-2.970858812332153320e-01,6.378000259399414062e+00
6.381515979766845703e+00,6.378951549530029297e+00,6.393550395965576172e+00,6.393528461456298828e+00,-5.693806409835815430e-01,-1.406979858875274658e-01,6.386564731597900391e+00
6.394331932067871094e+00,6.370350837707519531e+00,6.403932094573974609e+00,6.389338970184326172e+00,-6.492735147476196289e-01,-3.240235149860382080e-01,6.387427806854248047e+00
6.390388488769531250e+00,6.436945915222167969e+00,6.403932094573974609e+00,6.439490318298339844e+00,1.814047545194625854e-01,1.591320037841796875e+00,6.420824527740478516e+00
6.440297603607177734e+00,6.416304111480712891e+00,6.423707008361816406e+00,6.428893089294433594e+00,-3.980389237403869629e-01,2.546393275260925293e-01,6.420331954956054688e+00
6.429699420928955078e+00,6.452796459197998047e+00,6.436066150665283203e+00,6.466352462768554688e+00,-1.732856333255767822e-01,7.768359780311584473e-01,6.444794178009033203e+00
6.467162132263183594e+00,6.449356079101562500e+00,6.465728282928466797e+00,6.446021080017089844e+00,-5.948694348335266113e-01,-1.953290104866027832e-01,6.457857131958007812e+00
6.452127456665039062e+00,6.428345203399658203e+00,6.458065509796142578e+00,6.436163425445556641e+00,-6.921967864036560059e-01,-4.203021228313446045e-01,6.443500041961669922e+00
6.437463283538818359e+00,6.406351566314697266e+00,6.421235084533691406e+00,6.403632640838623047e+00,-7.010273933410644531e-01,-4.419686794281005859e-01,6.414108276367187500e+00
6.404437065124511719e+00,6.393450260162353516e+00,6.430998802185058594e+00,6.407575607299804688e+00,-7.934834361076354980e-01,-6.541758775711059570e-01,6.412506103515625000e+00
6.400124073028564453e+00,6.380303382873535156e+00,6.376000404357910156e+00,6.372334480285644531e+00,-6.145131587982177734e-01,-2.452396899461746216e-01,6.378492832183837891e+00
6.380653381347656250e+00,6.372931003570556641e+00,6.390831470489501953e+00,6.403140068054199219e+00,-7.570091485977172852e-01,-5.712410807609558105e-01,6.382190227508544922e+00
6.405669212341308594e+00,6.374650955200195312e+00,6.397752761840820312e+00,6.383177757263183594e+00,-6.937298178672790527e-01,-4.261874556541442871e-01,6.386503219604492188e+00
6.392729759216308594e+00,6.415935516357421875e+00,6.414808273315429688e+00,6.404495239257812500e+00,-5.374367833137512207e-01,-6.569807231426239014e-02,6.415710449218750000e+00
6.410105705261230469e+00,6.408563137054443359e+00,6.428650856018066406e+00,6.425935745239257812e+00,-4.452832043170928955e-01,1.465347558259963989e-01,6.418914318084716797e+00
6.426742076873779297e+00,6.426993846893310547e+00,6.434830188751220703e+00,6.426182270050048828e+00,-3.519640266895294189e-01,3.626566529273986816e-01,6.431238174438476562e+00
6.426618576049804688e+00,6.415812492370605469e+00,6.401089668273925781e+00,6.371718406677246094e+00,-4.415421783924102783e-01,1.540864259004592896e-01,6.408809185028076172e+00
6.372519969940185547e+00,6.386692523956298828e+00,6.402078151702880859e+00,6.406713485717773438e+00,-4.874675869941711426e-01,4.728886112570762634e-02,6.394698619842529297e+00
6.397905826568603516e+00,6.403893947601318359e+00,6.416415214538574219e+00,6.423717975616455078e+00,-5.738495588302612305e-01,-1.494912058115005493e-01,6.410472869873046875e+00
6.424400329589843750e+00,6.408071517944335938e+00,6.439774036407470703e+00,6.412627696990966797e+00,-4.923590719699859619e-01,3.848582133650779724e-02,6.424213886260986328e+00
6.413309574127197266e+00,6.407702922821044922e+00,6.430998802185058594e+00,6.406836509704589844e+00,-4.231125116348266602e-01,1.974130570888519287e-01,6.419653892517089844e+00
6.407640933990478516e+00,6.415935516357421875e+00,6.428526878356933594e+00,6.446267604827880859e+00,-3.285032212734222412e-01,4.150705337524414062e-01,6.422550201416015625e+00
6.446951866149902344e+00,6.573331356048583984e+00,6.454976081848144531e+00,6.538067340850830078e+00,1.982028722763061523e+00,5.798546791076660156e+00,6.514669418334960938e+00
6.536787986755371094e+00,6.560553073883056641e+00,6.567939281463623047e+00,6.552237987518310547e+00,5.278301239013671875e-02,1.319907903671264648e+00,6.564579963684082031e+00
6.553054332733154297e+00,6.549617767333984375e+00,6.416291236877441406e+00,6.429262638092041016e+00,1.210509777069091797e+00,3.974310159683227539e+00,6.483490467071533203e+00
6.430068969726562500e+00,6.452796459197998047e+00,6.441009998321533203e+00,6.449224472045898438e+00,2.079923171550035477e-03,1.179373383522033691e+00,6.447258949279785156e+00
6.450032711029052734e+00,6.430065631866455078e+00,6.305058479309082031e+00,6.337955474853515625e+00,1.325275778770446777e+00,4.187455177307128906e+00,6.368079662322998047e+00
6.339247226715087891e+00,6.366787433624267578e+00,6.312473773956298828e+00,6.377633094787597656e+00,3.024129569530487061e-01,1.844926238059997559e+00,6.340043067932128906e+00
6.378435134887695312e+00,6.394310474395751953e+00,6.312350273132324219e+00,6.281396865844726562e+00,-3.212878713384270668e-03,1.152628660202026367e+00,6.353784084320068359e+00
6.286873817443847656e+00,6.332384109497070312e+00,6.263036727905273438e+00,6.324401378631591797e+00,2.853961884975433350e-01,1.793015003204345703e+00,6.298142910003662109e+00
6.325199127197265625e+00,6.309653282165527344e+00,6.267980575561523438e+00,6.250714778900146484e+00,-4.282936453819274902e-01,1.733282357454299927e-01,6.289207935333251953e+00
6.251506328582763672e+00,6.262225151062011719e+00,6.243262290954589844e+00,6.255766868591308594e+00,-3.209752440452575684e-01,4.115995168685913086e-01,6.253099918365478516e+00
6.250027656555175781e+00,6.291591167449951172e+00,6.255868434906005859e+00,6.304562568664550781e+00,-6.360667347908020020e-01,-2.994639873504638672e-01,6.274111747741699219e+00
6.307083606719970703e+00,6.276355266571044922e+00,6.243262290954589844e+00,6.288420677185058594e+00,-5.268541574478149414e-01,-5.330752581357955933e-02,6.260185718536376953e+00
6.281698226928710938e+00,6.293434143066406250e+00,6.279103755950927734e+00,6.305425167083740234e+00,-6.612636446952819824e-01,-3.558491468429565430e-01,6.286620140075683594e+00
6.306221008300781250e+00,6.315550804138183594e+00,6.336698055267333984e+00,6.337092876434326172e+00,-6.436519622802734375e-01,-3.140369653701782227e-01,6.326425552368164062e+00
6.337891578674316406e+00,6.329926490783691406e+00,6.327675819396972656e+00,6.315282821655273438e+00,-5.126939415931701660e-01,-1.564744673669338226e-02,6.329136848449707031e+00
6.316079616546630859e+00,6.285693645477294922e+00,6.277867794036865234e+00,6.249605655670166016e+00,-3.722198903560638428e-01,2.985473573207855225e-01,6.282122135162353516e+00
6.247439861297607422e+00,6.308915615081787109e+00,6.226577281951904297e+00,6.317624092102050781e+00,1.916908919811248779e-01,1.576559782028198242e+00,6.268196105957031250e+00
6.326800823211669922e+00,6.366173267364501953e+00,6.343124866485595703e+00,6.372087955474853516e+00,-7.897349447011947632e-02,9.790683388710021973e-01,6.355016231536865234e+00
6.372889518737792969e+00,6.346022605895996094e+00,6.339293479919433594e+00,6.332410812377929688e+00,-4.910300076007843018e-01,3.483643755316734314e-02,6.343000888824462891e+00
6.333209037780761719e+00,6.303632259368896484e+00,6.263407707214355469e+00,6.275235652923583984e+00,-2.036417424678802490e-01,6.815832853317260742e-01,6.283908843994140625e+00
6.276029586791992188e+00,6.261734008789062500e+00,6.281822681427001953e+00,6.286079406738281250e+00,-5.353164076805114746e-01,-7.071360200643539429e-02,6.272078037261962891e+00
6.281205177307128906e+00,6.294662952423095703e+00,6.280339717864990234e+00,6.298401355743408203e+00,-4.474950134754180908e-01,1.291791796684265137e-01,6.287852764129638672e+00
6.302647590637207031e+00,6.348357200622558594e+00,6.316181659698486328e+00,6.328590869903564453e+00,-4.054198563098907471e-01,2.286495417356491089e-01,6.332649230957031250e+00
6.329388618469238281e+00,6.317148208618164062e+00,6.340899944305419922e+00,6.311586380004882812e+00,-5.327561497688293457e-01,-6.114751845598220825e-02,6.329321384429931641e+00
6.313245296478271484e+00,6.386077880859375000e+00,6.333608150482177734e+00,6.385272502899169922e+00,6.625150889158248901e-02,1.315287232398986816e+00,6.360253810882568359e+00
6.387923717498779297e+00,6.381409168243408203e+00,6.381685733795166016e+00,6.359889030456542969e+00,-4.132048785686492920e-01,2.166146636009216309e-01,6.381882190704345703e+00
6.354651451110839844e+00,6.364330291748046875e+00,6.356966972351074219e+00,6.379850864410400391e+00,-4.848500788211822510e-01,5.029964074492454529e-02,6.360993385314941406e+00
6.380653381347656250e+00,6.351797580718994141e+00,6.323596954345703125e+00,6.310353755950927734e+00,-3.397523164749145508e-01,3.786371946334838867e-01,6.338071346282958984e+00
6.311397075653076172e+00,6.310513019561767578e+00,6.332125186920166016e+00,6.327974796295166016e+00,-3.445990979671478271e-01,3.672054111957550049e-01,6.321619510650634766e+00
6.328896045684814453e+00,6.309653282165527344e+00,6.277744293212890625e+00,6.262297630310058594e+00,-2.643623948097229004e-01,5.469138026237487793e-01,6.294075965881347656e+00
6.263090133666992188e+00,6.331155300140380859e+00,6.267980575561523438e+00,6.360012054443359375e+00,-2.433998584747314453e-01,5.924658179283142090e-01,6.299991130828857422e+00
6.360812664031982422e+00,6.357203483581542969e+00,6.323226451873779297e+00,6.323908329010009766e+00,-4.344224035739898682e-01,1.645663082599639893e-01,6.340597629547119141e+00
6.324706077575683594e+00,6.312355995178222656e+00,6.306911945343017578e+00,6.317501068115234375e+00,-7.038335204124450684e-01,-4.518032670021057129e-01,6.309973239898681641e+00
