target,name,kind,dir_accuracy,dir_ci_low,dir_ci_high,dir_p_vs_half,dir_n,dir_n_zero_excluded,dir_pred_up_ratio,vs_majority_p,vs_best_rule_p,bt_gross_log_return,bt_net_log_return,bt_n_trades,bt_exposure,bt_buy_hold_log_return,reg_mae_bp,reg_rmse_bp,reg_mae_ratio_vs_zero,reg_rmse_ratio_vs_zero,reg_ic_spearman,reg_ic_pvalue,reg_price_mae,reg_price_mae_ratio_vs_naive
middle,항상 다수 방향,rule,0.5009539384028345,0.48478241315453247,0.5171234681118961,0.9210961909018529,3669,74,1.0,1.0,1.061021727614181e-88,0.08497484792089682,0.08397459783753233,2,1.0,0.08497484792089682,,,,,,,,
middle,직전 방향 유지,rule,0.630962115017716,0.6152185168381008,0.6464317541673246,3.2804873111300957e-57,3669,74,0.5096756609430363,1.4839189782264633e-29,3.728125629817577e-23,0.05792065517841559,-0.6362529026765374,1388,0.5108201977023777,0.08497484792089682,,,,,,,,
middle,직전 방향 반대,rule,0.36849277732352137,0.35302849842329587,0.38423215556189094,1.1162809631079861e-57,3669,74,0.5088579994548923,1.389649431636252e-30,2.0178011728253794e-163,0.021735086566715654,-0.6724384712882374,1388,0.5089500400748063,0.08497484792089682,,,,,,,,
middle,봉 내 위치 sign(close-middle),rule,0.7249931861542654,0.7103150576076362,0.739200652517189,2.580847173635564e-169,3669,74,0.5208503679476697,1.061021727614181e-88,1.0,-0.008940699986473205,-0.8271452681786226,1636,0.5223083088431739,0.08497484792089682,,,,,,,,
middle,"Ridge (선형, 최근 12스텝)",model,0.7304442627418916,0.7158505154120682,0.7445559448066355,7.384479881740296e-178,3669,74,0.5050422458435541,5.201239954316205e-90,0.18543871014096439,-0.009413023503124895,-0.843621593029106,1668,0.505744055570398,0.08497484792089682,3.2537013876724985,4.608872657367223,0.8112506094428388,0.7781601063542897,0.5955208981119361,0.0,31280.591746872076,0.8104694605110784
middle,LSTM (시드 5개 앙상블),model,0.7342600163532298,0.7197269666126144,0.7483030186718042,5.561565436814251e-184,3669,74,0.5044971381847915,5.498878141727939e-93,0.01264364016500287,-0.00010104320587895135,-0.8723191158997106,1744,0.5052097248196634,0.08497484792089682,3.1947372151748907,4.548188571866974,0.7965489773092903,0.767914231074702,0.6068363402437821,0.0,30721.496028358102,0.7959834811848278
middle,GRU (시드 5개 앙상블),model,0.7348051240119924,0.7202808562535848,0.7488382040402214,7.257662456996729e-185,3669,74,0.5143090760425184,1.9104352403295853e-95,0.0031718677905301636,0.0069733198933240245,-0.8482405013833112,1710,0.5166978359604595,0.08497484792089682,3.1985648291520965,4.547033940454899,0.7975033224693855,0.7677192835963887,0.6060209929239275,0.0,30757.05745726376,0.7969048656756775
close,항상 다수 방향,rule,0.5157719977863863,0.4994703405268291,0.5320401600987372,0.06013646321836675,3614,129,0.0,1.0,9.692702978540032e-05,0.0,0.0,0,0.0,0.08497484792089682,,,,,,,,
close,직전 방향 유지,rule,0.5290536801328168,0.5127573207580074,0.5452883382890885,0.0005061702586095368,3614,129,0.4698395130049806,0.2540341780671209,0.0003115383165477017,0.05372971741518662,-0.8234896056954674,1754,0.46727224151749935,0.08497484792089682,,,,,,,,
close,직전 방향 반대,rule,0.4698395130049806,0.4536081672331553,0.4861349105179546,0.0003054220403282793,3614,129,0.49640287769784175,9.692702978540032e-05,1.0,0.021080548885140816,-0.8641407748924291,1770,0.49826342506011223,0.08497484792089682,,,,,,,,
close,봉 내 위치 sign(close-middle),rule,0.496956281128943,0.48066680550741114,0.5132522206876551,0.7268533280698455,3614,129,0.5174322080796901,0.12127054956710874,0.07164600167056186,-0.012049449441821198,-0.8332547678840639,1642,0.5172321667111942,0.08497484792089682,,,,,,,,
close,"Ridge (선형, 최근 12스텝)",model,0.5005534034311012,0.48425981661294853,0.5168458149879486,0.9602005535286031,3614,129,0.6781959048146099,0.2753832603500271,0.003988828087869701,0.09889925442341659,-0.699300312101443,1596,0.6780657226823403,0.08497484792089682,5.413726378657098,8.181423747765653,1.004586227607298,0.998657930617305,0.026514876371305916,0.1048193874513505,52031.58395286483,1.0046230680991914
close,LSTM (시드 5개 앙상블),model,0.5229662423907028,0.506666024807018,0.5392176866302102,0.00604957618434622,3614,129,0.628666297731046,0.5999486270259606,7.758793585419247e-07,0.16692790221937426,-0.5352476563024947,1404,0.6235639861074005,0.08497484792089682,5.404833143274598,8.165190786896348,1.0029359739448023,0.9966764692470933,0.09367071162585414,9.384557881408013e-09,51942.15730011219,1.0028964230226245
close,GRU (시드 5개 앙상블),model,0.5237963475373547,0.5074965134670405,0.5400456453715333,0.004441980247096252,3614,129,0.6162147205312672,0.5529684845996224,3.9319461890692163e-07,0.1484547672795879,-0.46369828373947736,1224,0.6120758749666043,0.08497484792089682,5.414270149041299,8.16599025565258,1.0046871311625836,0.9967740556621608,0.08976677576866648,3.771909150309728e-08,52034.82146569664,1.0046855778255348
